reach,depth_min,depth_q1,depth_q5,depth_q25,depth_q50,depth_avg,depth_q75,depth_q95,depth_q99,depth_max,wwdith_min,wwdith_q1,wwdith_q5,wwdith_q25,wwdith_q50,wwdith_avg,wwdith_q75,wwdith_q95,wwdith_q99,wwdith_max,flow_min,flow_q1,flow_q5,flow_q25,flow_q50,flow_avg,flow_q75,flow_q95,flow_q99,flow_max,rtime_min,rtime_q1,rtime_q5,rtime_q25,rtime_q50,rtime_avg,rtime_q75,rtime_q95,rtime_q99,rtime_max,velocity_min,velocity_q1,velocity_q5,velocity_q25,velocity_q50,velocity_avg,velocity_q75,velocity_q95,velocity_q99,velocity_max
1.000,0.063,0.075,0.087,0.134,0.175,0.210,0.228,0.493,0.754,1.288,2.063,2.075,2.087,2.134,2.175,2.210,2.228,2.493,2.754,3.288,1028.700,1387.619,1791.335,3652.136,5646.246,9071.554,8790.990,30974.053,61878.874,149455.000,0.002,0.003,0.004,0.005,0.006,0.007,0.008,0.010,0.011,0.012,0.094,0.106,0.117,0.153,0.180,0.192,0.212,0.325,0.401,0.510
10.000,0.059,0.070,0.082,0.127,0.166,0.201,0.218,0.480,0.742,1.275,2.059,2.070,2.082,2.127,2.166,2.201,2.218,2.480,2.742,3.275,1088.983,1464.167,1891.855,3855.576,5960.942,9580.817,9281.916,32717.626,65316.533,157596.203,0.002,0.003,0.003,0.005,0.006,0.006,0.007,0.009,0.010,0.011,0.106,0.119,0.131,0.171,0.201,0.213,0.235,0.354,0.432,0.545
100.000,0.040,0.049,0.057,0.087,0.112,0.131,0.145,0.293,0.421,0.657,0.580,0.597,0.614,0.674,0.724,0.762,0.790,1.086,1.342,1.813,86.763,121.161,156.623,319.643,493.654,793.884,768.879,2712.771,5415.365,13259.194,0.006,0.007,0.009,0.012,0.014,0.014,0.016,0.020,0.022,0.025,0.047,0.053,0.058,0.073,0.084,0.087,0.096,0.136,0.162,0.203
101.000,0.043,0.052,0.061,0.093,0.120,0.140,0.155,0.312,0.447,0.693,0.586,0.604,0.622,0.686,0.740,0.780,0.810,1.123,1.394,1.886,103.268,144.031,186.129,379.638,586.857,943.538,913.723,3223.466,6449.804,15721.137,0.005,0.007,0.008,0.011,0.013,0.013,0.015,0.018,0.020,0.022,0.052,0.058,0.063,0.080,0.092,0.096,0.105,0.148,0.177,0.221
102.000,0.047,0.057,0.067,0.102,0.131,0.152,0.168,0.335,0.477,0.733,0.594,0.615,0.633,0.703,0.762,0.803,0.837,1.170,1.454,1.966,108.032,150.583,194.826,397.171,614.111,987.226,956.394,3373.753,6749.611,16402.258,0.006,0.007,0.008,0.012,0.013,0.014,0.015,0.019,0.021,0.024,0.049,0.055,0.060,0.076,0.087,0.090,0.099,0.140,0.168,0.211
103.000,0.044,0.054,0.063,0.096,0.124,0.144,0.160,0.321,0.461,0.712,0.589,0.608,0.626,0.692,0.748,0.789,0.820,1.143,1.422,1.923,116.537,162.354,210.011,428.394,662.277,1064.310,1031.335,3638.884,7284.379,17644.285,0.005,0.006,0.007,0.010,0.012,0.012,0.013,0.017,0.018,0.021,0.056,0.063,0.069,0.087,0.099,0.104,0.113,0.160,0.191,0.238
104.000,0.050,0.061,0.071,0.108,0.138,0.161,0.178,0.354,0.506,0.777,0.600,0.621,0.641,0.715,0.777,0.821,0.857,1.209,1.511,2.054,116.895,162.463,209.964,428.410,662.140,1064.308,1031.017,3638.786,7296.468,17669.371,0.006,0.007,0.008,0.012,0.013,0.014,0.015,0.019,0.021,0.023,0.050,0.056,0.061,0.076,0.087,0.091,0.099,0.140,0.167,0.207
105.000,0.051,0.062,0.072,0.109,0.140,0.162,0.180,0.356,0.505,0.768,0.601,0.623,0.643,0.718,0.780,0.824,0.860,1.211,1.509,2.037,121.431,169.249,218.576,445.895,688.874,1107.806,1073.146,3795.165,7584.637,18416.678,0.005,0.007,0.008,0.011,0.013,0.013,0.015,0.019,0.020,0.023,0.051,0.057,0.062,0.078,0.089,0.093,0.102,0.145,0.174,0.220
106.000,0.045,0.054,0.063,0.097,0.125,0.146,0.161,0.325,0.465,0.721,0.589,0.609,0.627,0.694,0.750,0.791,0.823,1.149,1.430,1.942,121.524,169.004,218.613,445.709,688.770,1107.826,1072.915,3791.217,7576.945,18438.174,0.005,0.006,0.007,0.010,0.011,0.012,0.013,0.016,0.018,0.020,0.058,0.065,0.071,0.090,0.103,0.107,0.117,0.165,0.196,0.244
107.000,0.052,0.063,0.074,0.113,0.146,0.170,0.189,0.378,0.538,0.829,0.604,0.627,0.648,0.726,0.792,0.840,0.878,1.256,1.577,2.157,122.877,170.640,220.585,449.701,695.153,1117.702,1082.307,3822.251,7631.824,18619.600,0.006,0.007,0.009,0.012,0.014,0.014,0.015,0.019,0.021,0.023,0.050,0.056,0.060,0.075,0.086,0.089,0.097,0.134,0.159,0.197
108.000,0.104,0.124,0.142,0.206,0.256,0.283,0.316,0.555,0.738,1.051,0.708,0.748,0.785,0.912,1.012,1.066,1.133,1.610,1.977,2.602,123.141,170.953,220.817,450.465,696.390,1119.043,1084.354,3823.115,7638.092,18652.512,0.006,0.008,0.011,0.017,0.020,0.020,0.023,0.029,0.032,0.036,0.023,0.026,0.028,0.036,0.042,0.045,0.049,0.076,0.097,0.133
109.000,0.005,0.007,0.008,0.012,0.015,0.018,0.020,0.043,0.066,0.112,0.511,0.513,0.515,0.524,0.531,0.537,0.540,0.586,0.631,0.725,4.937,6.853,8.856,18.059,27.914,44.881,43.465,153.281,306.603,748.553,0.009,0.012,0.015,0.024,0.028,0.029,0.034,0.044,0.049,0.056,0.021,0.024,0.026,0.035,0.041,0.044,0.048,0.076,0.096,0.126
11.000,0.059,0.071,0.083,0.128,0.168,0.204,0.221,0.490,0.759,1.298,2.059,2.071,2.083,2.128,2.168,2.204,2.221,2.490,2.759,3.298,1089.109,1465.552,1892.474,3856.760,5962.242,9580.841,9286.192,32726.957,65362.626,157572.406,0.002,0.003,0.003,0.005,0.006,0.006,0.007,0.009,0.010,0.011,0.106,0.119,0.131,0.170,0.199,0.210,0.232,0.346,0.421,0.533
110.000,0.024,0.029,0.034,0.052,0.067,0.079,0.087,0.181,0.266,0.427,0.547,0.558,0.567,0.603,0.634,0.658,0.674,0.862,1.032,1.353,47.273,65.919,85.197,173.862,268.528,431.907,418.315,1475.856,2947.179,7211.352,0.005,0.007,0.008,0.012,0.014,0.014,0.016,0.021,0.023,0.026,0.044,0.050,0.055,0.071,0.082,0.086,0.095,0.139,0.168,0.212
111.000,0.027,0.033,0.039,0.059,0.077,0.091,0.100,0.207,0.304,0.484,0.554,0.566,0.577,0.619,0.654,0.682,0.700,0.915,1.107,1.468,57.450,79.972,103.304,210.632,325.550,523.507,506.977,1787.962,3578.968,8718.945,0.005,0.007,0.008,0.012,0.014,0.014,0.016,0.020,0.022,0.025,0.047,0.053,0.058,0.074,0.085,0.089,0.098,0.142,0.171,0.213
112.000,0.040,0.048,0.056,0.086,0.111,0.129,0.143,0.289,0.416,0.643,0.579,0.596,0.613,0.672,0.722,0.759,0.787,1.078,1.332,1.787,59.807,83.224,107.671,219.647,339.527,545.671,528.717,1865.242,3734.332,9050.362,0.008,0.010,0.012,0.017,0.020,0.020,0.023,0.029,0.032,0.036,0.032,0.037,0.040,0.051,0.058,0.061,0.067,0.095,0.114,0.143
113.000,0.037,0.045,0.052,0.080,0.103,0.120,0.133,0.267,0.384,0.595,0.573,0.589,0.604,0.659,0.705,0.740,0.765,1.035,1.269,1.689,62.064,86.357,111.610,227.786,351.991,565.851,548.047,1934.496,3878.872,9393.513,0.007,0.009,0.011,0.015,0.018,0.018,0.020,0.026,0.028,0.032,0.037,0.041,0.045,0.057,0.066,0.069,0.076,0.110,0.132,0.168
114.000,0.031,0.037,0.044,0.067,0.087,0.102,0.112,0.231,0.336,0.529,0.561,0.575,0.587,0.634,0.673,0.703,0.725,0.962,1.171,1.557,62.062,86.311,111.670,227.654,351.817,565.861,548.190,1938.537,3873.264,9408.246,0.006,0.007,0.009,0.013,0.014,0.015,0.017,0.021,0.023,0.026,0.044,0.050,0.055,0.070,0.081,0.084,0.093,0.134,0.161,0.201
115.000,0.034,0.041,0.048,0.073,0.094,0.111,0.122,0.250,0.362,0.568,0.567,0.582,0.595,0.646,0.689,0.722,0.745,1.000,1.224,1.636,73.540,101.915,131.804,268.717,415.197,667.868,646.921,2287.362,4568.679,11103.407,0.005,0.007,0.008,0.012,0.014,0.014,0.016,0.020,0.022,0.024,0.048,0.054,0.059,0.075,0.086,0.090,0.099,0.142,0.170,0.213
116.000,0.035,0.043,0.050,0.077,0.099,0.116,0.129,0.263,0.381,0.598,0.571,0.586,0.600,0.653,0.698,0.733,0.757,1.025,1.262,1.696,78.309,108.319,140.128,285.679,441.557,710.097,687.853,2428.905,4856.292,11810.535,0.006,0.007,0.008,0.012,0.013,0.014,0.015,0.020,0.021,0.024,0.048,0.054,0.059,0.075,0.086,0.090,0.099,0.141,0.168,0.209
117.000,0.046,0.055,0.065,0.099,0.128,0.149,0.165,0.332,0.475,0.734,0.591,0.611,0.629,0.698,0.756,0.798,0.831,1.165,1.451,1.968,78.414,108.502,140.087,285.722,441.727,710.107,687.893,2427.492,4852.781,11816.966,0.008,0.010,0.011,0.016,0.018,0.018,0.021,0.026,0.028,0.032,0.037,0.041,0.045,0.056,0.064,0.067,0.073,0.102,0.122,0.152
118.000,0.072,0.086,0.098,0.144,0.179,0.201,0.224,0.406,0.553,0.818,0.643,0.671,0.697,0.787,0.859,0.902,0.948,1.311,1.606,2.136,78.495,108.441,140.153,285.890,441.852,710.116,688.133,2426.506,4847.434,11818.076,0.004,0.005,0.007,0.011,0.012,0.013,0.015,0.019,0.021,0.023,0.022,0.025,0.028,0.036,0.042,0.045,0.049,0.077,0.097,0.128
119.000,0.003,0.004,0.004,0.007,0.009,0.011,0.012,0.025,0.038,0.064,0.506,0.508,0.509,0.514,0.518,0.521,0.523,0.550,0.576,0.629,2.741,3.807,4.917,10.024,15.496,24.916,24.130,85.102,170.168,415.767,0.009,0.012,0.015,0.025,0.029,0.030,0.035,0.046,0.051,0.058,0.020,0.023,0.025,0.033,0.040,0.043,0.047,0.076,0.097,0.133
12.000,0.062,0.075,0.087,0.136,0.178,0.215,0.234,0.517,0.792,1.333,2.062,2.075,2.087,2.136,2.178,2.215,2.234,2.517,2.792,3.333,1089.363,1467.014,1892.090,3857.850,5963.172,9581.918,9289.187,32744.604,65392.197,157571.359,0.001,0.002,0.002,0.003,0.003,0.004,0.004,0.005,0.006,0.006,0.100,0.112,0.123,0.160,0.187,0.198,0.218,0.326,0.401,0.515
120.000,0.004,0.004,0.005,0.008,0.010,0.012,0.013,0.028,0.042,0.072,0.507,0.509,0.510,0.515,0.520,0.524,0.526,0.556,0.585,0.644,3.300,4.555,5.895,12.017,18.583,29.866,28.936,102.033,204.101,496.617,0.008,0.011,0.014,0.023,0.027,0.028,0.033,0.043,0.048,0.054,0.022,0.024,0.027,0.036,0.042,0.046,0.050,0.081,0.103,0.140
121.000,0.007,0.008,0.010,0.015,0.019,0.023,0.025,0.053,0.080,0.134,0.513,0.516,0.519,0.529,0.538,0.545,0.549,0.605,0.659,0.769,9.711,13.415,17.358,35.386,54.692,87.947,85.164,300.411,601.212,1465.333,0.006,0.008,0.010,0.015,0.018,0.018,0.021,0.028,0.031,0.035,0.033,0.038,0.042,0.055,0.065,0.069,0.076,0.120,0.151,0.200
122.000,0.008,0.010,0.012,0.018,0.023,0.028,0.030,0.065,0.098,0.164,0.516,0.520,0.523,0.536,0.546,0.555,0.561,0.629,0.695,0.828,9.731,13.425,17.354,35.405,54.732,87.952,85.202,300.571,601.820,1459.424,0.007,0.010,0.012,0.019,0.022,0.023,0.026,0.034,0.038,0.043,0.027,0.031,0.034,0.045,0.052,0.056,0.062,0.096,0.120,0.156
123.000,0.014,0.018,0.021,0.032,0.041,0.050,0.054,0.118,0.181,0.310,0.529,0.535,0.541,0.563,0.583,0.600,0.609,0.737,0.863,1.120,11.594,15.919,20.592,41.977,64.860,104.348,101.076,357.392,714.626,1731.432,0.014,0.017,0.020,0.030,0.034,0.035,0.040,0.052,0.057,0.064,0.018,0.020,0.022,0.029,0.034,0.035,0.039,0.057,0.067,0.080
124.000,0.034,0.041,0.048,0.074,0.097,0.115,0.127,0.268,0.394,0.621,0.568,0.582,0.596,0.648,0.694,0.730,0.754,1.036,1.287,1.742,23.217,31.652,40.942,83.448,128.984,207.455,200.913,709.241,1419.563,3435.252,0.020,0.025,0.029,0.040,0.045,0.046,0.051,0.064,0.070,0.078,0.015,0.017,0.018,0.023,0.026,0.027,0.029,0.040,0.047,0.057
125.000,0.044,0.053,0.061,0.095,0.123,0.144,0.160,0.322,0.457,0.693,0.587,0.605,0.623,0.690,0.747,0.788,0.820,1.144,1.414,1.886,33.841,45.957,59.438,121.127,187.300,301.056,291.574,1028.940,2053.852,4979.673,0.017,0.021,0.026,0.036,0.041,0.042,0.047,0.058,0.063,0.070,0.017,0.018,0.020,0.025,0.028,0.030,0.032,0.045,0.055,0.070
126.000,0.063,0.074,0.086,0.126,0.158,0.178,0.198,0.363,0.494,0.717,0.626,0.649,0.671,0.752,0.816,0.856,0.897,1.226,1.489,1.935,36.497,49.366,63.772,129.960,200.892,323.102,313.158,1102.789,2206.576,5341.166,0.016,0.022,0.028,0.044,0.052,0.053,0.061,0.079,0.087,0.097,0.012,0.013,0.015,0.019,0.022,0.024,0.026,0.041,0.052,0.071
127.000,0.020,0.024,0.028,0.043,0.056,0.066,0.072,0.151,0.223,0.359,0.540,0.548,0.556,0.586,0.611,0.632,0.645,0.802,0.947,1.218,41.066,55.434,71.677,145.988,225.728,362.925,351.782,1238.830,2476.653,5996.162,0.005,0.007,0.008,0.012,0.014,0.014,0.016,0.021,0.023,0.025,0.046,0.051,0.056,0.073,0.085,0.090,0.099,0.146,0.178,0.226
128.000,0.019,0.023,0.027,0.042,0.054,0.064,0.070,0.147,0.218,0.351,0.539,0.547,0.554,0.583,0.608,0.628,0.641,0.795,0.935,1.202,47.718,64.249,83.129,169.325,261.786,420.908,407.819,1438.111,2867.677,6951.462,0.004,0.005,0.007,0.010,0.011,0.012,0.013,0.017,0.019,0.021,0.055,0.061,0.067,0.087,0.102,0.107,0.118,0.175,0.213,0.271
129.000,0.021,0.025,0.029,0.045,0.058,0.069,0.076,0.158,0.234,0.375,0.542,0.550,0.559,0.590,0.617,0.638,0.652,0.817,0.967,1.250,47.934,64.580,83.464,170.047,262.912,422.718,409.678,1442.776,2885.339,6980.081,0.005,0.006,0.007,0.011,0.012,0.013,0.014,0.019,0.020,0.023,0.051,0.057,0.063,0.081,0.094,0.099,0.109,0.161,0.196,0.247
13.000,0.019,0.023,0.027,0.042,0.054,0.065,0.071,0.152,0.232,0.400,0.538,0.546,0.554,0.583,0.608,0.630,0.641,0.804,0.963,1.299,13.788,19.050,24.649,50.246,77.698,124.905,121.007,426.532,854.662,2068.388,0.017,0.020,0.023,0.033,0.039,0.039,0.045,0.058,0.063,0.072,0.016,0.018,0.020,0.026,0.030,0.032,0.035,0.050,0.059,0.067
130.000,0.023,0.027,0.031,0.048,0.063,0.074,0.082,0.170,0.251,0.403,0.545,0.554,0.563,0.596,0.625,0.648,0.663,0.840,1.003,1.306,50.231,67.661,87.360,177.998,275.246,442.542,428.898,1510.986,3023.318,7304.549,0.005,0.006,0.008,0.011,0.013,0.013,0.015,0.019,0.021,0.023,0.050,0.055,0.061,0.078,0.091,0.096,0.105,0.154,0.186,0.233
131.000,0.040,0.048,0.056,0.085,0.109,0.127,0.141,0.281,0.401,0.617,0.580,0.596,0.611,0.670,0.718,0.754,0.782,1.062,1.303,1.733,61.475,82.489,106.702,217.348,336.025,540.191,523.510,1844.094,3680.518,8911.525,0.008,0.010,0.012,0.017,0.020,0.020,0.023,0.029,0.032,0.035,0.033,0.037,0.040,0.051,0.059,0.062,0.067,0.098,0.118,0.151
132.000,0.032,0.039,0.045,0.069,0.089,0.105,0.116,0.237,0.344,0.540,0.565,0.577,0.590,0.638,0.679,0.710,0.732,0.975,1.188,1.580,72.970,97.784,126.410,257.660,398.231,640.174,620.538,2185.879,4359.545,10558.601,0.005,0.007,0.008,0.012,0.013,0.013,0.015,0.019,0.021,0.024,0.049,0.055,0.060,0.076,0.088,0.092,0.101,0.145,0.175,0.218
133.000,0.035,0.041,0.048,0.074,0.096,0.112,0.124,0.252,0.365,0.572,0.570,0.583,0.597,0.648,0.691,0.724,0.748,1.005,1.231,1.643,73.252,98.160,126.909,258.439,399.703,642.425,622.550,2192.240,4380.485,10593.216,0.006,0.007,0.009,0.012,0.014,0.014,0.016,0.021,0.023,0.025,0.046,0.051,0.056,0.071,0.082,0.085,0.094,0.134,0.161,0.201
134.000,0.036,0.043,0.050,0.077,0.099,0.117,0.129,0.264,0.383,0.602,0.572,0.586,0.600,0.653,0.699,0.733,0.758,1.028,1.266,1.704,86.395,115.508,149.412,304.317,470.438,756.370,733.030,2582.784,5150.515,12469.671,0.005,0.007,0.008,0.011,0.013,0.013,0.015,0.018,0.020,0.022,0.052,0.058,0.063,0.080,0.092,0.096,0.105,0.149,0.177,0.219
135.000,0.065,0.077,0.090,0.135,0.172,0.197,0.219,0.421,0.588,0.876,0.630,0.654,0.679,0.769,0.844,0.894,0.939,1.343,1.675,2.251,87.020,116.624,150.464,306.641,474.141,762.015,738.446,2603.133,5201.889,12555.223,0.010,0.012,0.015,0.021,0.024,0.025,0.028,0.035,0.038,0.042,0.028,0.030,0.033,0.042,0.048,0.050,0.054,0.078,0.095,0.121
136.000,0.050,0.059,0.069,0.105,0.135,0.155,0.173,0.337,0.473,0.707,0.600,0.619,0.638,0.710,0.769,0.810,0.845,1.174,1.447,1.914,88.379,118.163,152.714,311.382,481.349,773.366,749.315,2644.984,5291.049,12735.509,0.007,0.009,0.011,0.015,0.018,0.018,0.020,0.026,0.028,0.031,0.037,0.041,0.045,0.057,0.066,0.069,0.075,0.109,0.134,0.173
137.000,0.033,0.039,0.046,0.070,0.091,0.107,0.118,0.245,0.360,0.578,0.566,0.578,0.591,0.640,0.682,0.715,0.736,0.990,1.221,1.655,91.881,122.722,158.676,323.527,500.156,803.503,778.528,2747.662,5495.831,13228.896,0.002,0.002,0.003,0.004,0.005,0.005,0.005,0.007,0.007,0.008,0.061,0.068,0.074,0.094,0.108,0.113,0.124,0.175,0.206,0.247
138.000,0.011,0.013,0.015,0.024,0.031,0.037,0.040,0.086,0.131,0.221,0.522,0.526,0.531,0.547,0.562,0.574,0.581,0.673,0.762,0.941,4.954,6.789,8.774,17.905,27.672,44.471,43.085,152.070,304.558,735.931,0.022,0.027,0.033,0.051,0.059,0.061,0.069,0.091,0.100,0.113,0.010,0.012,0.013,0.017,0.020,0.021,0.023,0.035,0.043,0.054
139.000,0.013,0.016,0.019,0.029,0.037,0.045,0.049,0.106,0.161,0.278,0.527,0.532,0.537,0.558,0.575,0.590,0.598,0.711,0.822,1.055,6.724,9.148,11.833,24.107,37.267,59.932,58.041,204.813,409.864,991.873,0.022,0.026,0.031,0.046,0.054,0.055,0.063,0.082,0.090,0.101,0.011,0.013,0.014,0.018,0.022,0.023,0.025,0.037,0.045,0.053
14.000,0.024,0.029,0.034,0.054,0.071,0.087,0.094,0.214,0.336,0.591,0.548,0.559,0.569,0.608,0.642,0.674,0.689,0.928,1.172,1.683,18.498,25.462,32.888,67.114,103.649,166.674,161.502,570.692,1140.143,2767.986,0.023,0.025,0.027,0.035,0.039,0.040,0.045,0.056,0.061,0.068,0.017,0.019,0.021,0.026,0.030,0.030,0.033,0.043,0.047,0.050
140.000,0.017,0.021,0.024,0.038,0.049,0.060,0.065,0.144,0.223,0.391,0.534,0.541,0.548,0.575,0.599,0.620,0.630,0.788,0.945,1.282,9.948,13.487,17.413,35.509,54.906,88.230,85.449,301.286,601.989,1457.184,0.023,0.027,0.031,0.043,0.049,0.050,0.057,0.073,0.080,0.089,0.013,0.015,0.016,0.020,0.024,0.024,0.027,0.038,0.044,0.051
141.000,0.034,0.041,0.048,0.073,0.095,0.111,0.123,0.251,0.366,0.593,0.568,0.582,0.596,0.646,0.689,0.722,0.745,1.002,1.231,1.686,31.752,43.120,55.706,113.668,175.553,282.294,273.579,965.835,1931.930,4654.278,0.014,0.016,0.020,0.028,0.032,0.033,0.037,0.047,0.051,0.057,0.020,0.023,0.025,0.032,0.036,0.038,0.042,0.060,0.071,0.084
142.000,0.036,0.043,0.050,0.076,0.098,0.115,0.126,0.258,0.382,0.662,0.571,0.586,0.600,0.652,0.696,0.730,0.752,1.016,1.264,1.824,33.098,45.060,58.285,118.769,183.585,295.185,285.962,1008.857,2015.611,4844.264,0.015,0.017,0.019,0.028,0.032,0.033,0.037,0.047,0.052,0.058,0.020,0.022,0.025,0.032,0.036,0.038,0.042,0.060,0.070,0.075
143.000,0.034,0.041,0.048,0.074,0.096,0.115,0.125,0.270,0.426,0.820,0.568,0.582,0.596,0.647,0.691,0.730,0.750,1.040,1.352,2.140,33.152,45.058,58.278,118.831,183.635,295.194,285.988,1007.587,2015.886,4797.299,0.018,0.020,0.021,0.027,0.031,0.032,0.035,0.045,0.049,0.055,0.021,0.024,0.026,0.033,0.038,0.038,0.043,0.056,0.059,0.066
144.000,0.039,0.048,0.056,0.087,0.115,0.144,0.154,0.363,0.596,1.103,0.579,0.595,0.611,0.674,0.731,0.788,0.808,1.226,1.692,2.706,38.578,52.293,67.610,137.753,212.944,342.426,331.948,1170.246,2338.551,5572.224,0.014,0.020,0.020,0.023,0.025,0.026,0.028,0.034,0.037,0.041,0.021,0.023,0.025,0.031,0.035,0.035,0.038,0.043,0.044,0.061
145.000,0.048,0.058,0.067,0.104,0.135,0.161,0.177,0.376,0.561,0.910,1.096,1.116,1.135,1.208,1.271,1.323,1.355,1.752,2.121,2.819,316.197,431.588,556.869,1135.755,1755.265,2822.158,2734.312,9640.536,19290.402,46771.730,0.004,0.005,0.005,0.008,0.009,0.009,0.010,0.013,0.014,0.016,0.073,0.082,0.090,0.115,0.133,0.138,0.152,0.217,0.256,0.313
146.000,0.067,0.081,0.094,0.144,0.187,0.219,0.243,0.496,0.716,1.112,1.134,1.161,1.188,1.288,1.374,1.438,1.485,1.992,2.433,3.225,339.320,462.373,596.683,1216.642,1880.419,3023.499,2929.718,10326.163,20673.090,50045.168,0.005,0.006,0.007,0.010,0.012,0.012,0.014,0.017,0.019,0.021,0.055,0.062,0.067,0.086,0.099,0.103,0.113,0.162,0.196,0.248
147.000,0.069,0.083,0.097,0.150,0.194,0.226,0.251,0.507,0.725,1.112,1.138,1.166,1.194,1.299,1.388,1.452,1.503,2.014,2.449,3.225,340.013,462.306,597.849,1218.747,1884.562,3027.965,2932.382,10359.687,20729.426,50065.895,0.005,0.006,0.007,0.011,0.012,0.012,0.014,0.018,0.019,0.022,0.054,0.060,0.065,0.082,0.095,0.099,0.108,0.158,0.193,0.248
148.000,0.087,0.104,0.120,0.177,0.223,0.253,0.282,0.529,0.733,1.090,1.174,1.207,1.239,1.354,1.447,1.506,1.563,2.058,2.467,3.179,345.557,469.607,607.499,1238.613,1915.104,3076.532,2980.004,10532.263,21079.802,50814.918,0.004,0.006,0.008,0.012,0.014,0.015,0.017,0.022,0.024,0.027,0.042,0.048,0.053,0.069,0.082,0.087,0.096,0.151,0.193,0.260
149.000,0.043,0.052,0.060,0.093,0.120,0.143,0.157,0.331,0.491,0.793,1.086,1.103,1.121,1.185,1.241,1.286,1.314,1.662,1.983,2.587,345.655,470.131,607.341,1237.603,1914.369,3076.557,2980.896,10516.860,21054.370,50779.422,0.003,0.003,0.004,0.006,0.007,0.007,0.008,0.011,0.012,0.013,0.090,0.101,0.111,0.142,0.165,0.173,0.191,0.278,0.334,0.415
15.000,0.059,0.071,0.083,0.126,0.162,0.187,0.208,0.410,0.584,0.899,0.617,0.642,0.666,0.752,0.824,0.874,0.916,1.321,1.669,2.299,92.074,127.045,164.376,335.062,517.962,832.762,806.742,2844.173,5697.764,13805.915,0.009,0.011,0.013,0.018,0.021,0.021,0.024,0.029,0.032,0.036,0.033,0.036,0.040,0.049,0.056,0.058,0.064,0.089,0.105,0.128
150.000,0.059,0.070,0.082,0.125,0.162,0.190,0.210,0.430,0.624,0.976,1.117,1.141,1.164,1.251,1.324,1.380,1.420,1.859,2.248,2.953,373.659,506.933,655.579,1335.850,2066.788,3319.322,3215.843,11345.824,22722.055,54752.426,0.004,0.004,0.005,0.008,0.009,0.009,0.011,0.014,0.015,0.017,0.070,0.078,0.086,0.110,0.128,0.134,0.147,0.215,0.261,0.330
151.000,0.055,0.066,0.077,0.118,0.153,0.180,0.199,0.409,0.595,0.933,1.110,1.132,1.154,1.236,1.306,1.360,1.397,1.817,2.190,2.866,375.536,509.910,658.446,1342.075,2074.724,3335.750,3231.425,11402.425,22819.742,55051.730,0.003,0.004,0.005,0.007,0.009,0.009,0.010,0.013,0.014,0.015,0.075,0.084,0.092,0.118,0.137,0.144,0.158,0.230,0.280,0.355
152.000,0.051,0.062,0.072,0.110,0.142,0.167,0.184,0.378,0.551,0.869,1.103,1.124,1.144,1.220,1.284,1.334,1.369,1.756,2.102,2.737,382.293,519.438,670.010,1365.969,2111.878,3395.109,3289.019,11598.460,23232.999,56042.422,0.003,0.004,0.004,0.007,0.008,0.008,0.009,0.012,0.013,0.014,0.082,0.092,0.101,0.130,0.151,0.159,0.175,0.259,0.316,0.402
153.000,0.046,0.055,0.065,0.099,0.129,0.152,0.168,0.350,0.515,0.823,1.092,1.111,1.129,1.198,1.258,1.305,1.335,1.699,2.031,2.645,382.277,519.311,670.123,1365.882,2111.295,3395.106,3290.117,11594.913,23214.722,56056.770,0.002,0.002,0.002,0.004,0.004,0.004,0.005,0.006,0.007,0.008,0.092,0.103,0.113,0.146,0.169,0.178,0.195,0.286,0.346,0.435
154.000,0.048,0.058,0.068,0.105,0.137,0.166,0.180,0.398,0.616,1.054,2.048,2.058,2.068,2.105,2.137,2.166,2.180,2.398,2.616,3.054,581.645,788.341,1017.158,2073.234,3205.289,5153.210,4993.040,17611.410,35256.361,85003.711,0.003,0.004,0.005,0.008,0.009,0.009,0.010,0.014,0.015,0.017,0.069,0.078,0.086,0.112,0.131,0.140,0.154,0.234,0.289,0.371
155.000,0.049,0.059,0.069,0.107,0.141,0.171,0.186,0.410,0.631,1.069,2.049,2.059,2.069,2.107,2.141,2.171,2.186,2.410,2.631,3.069,592.433,802.206,1035.035,2109.584,3261.357,5243.553,5081.331,17911.713,35879.024,86492.922,0.003,0.004,0.005,0.008,0.009,0.009,0.010,0.014,0.015,0.017,0.069,0.078,0.085,0.111,0.130,0.138,0.152,0.231,0.286,0.371
156.000,0.053,0.064,0.075,0.115,0.151,0.181,0.198,0.428,0.649,1.082,2.053,2.064,2.075,2.115,2.151,2.181,2.198,2.428,2.649,3.082,599.829,810.770,1048.046,2135.016,3302.018,5308.356,5144.016,18128.499,36294.071,87568.812,0.003,0.004,0.005,0.008,0.009,0.010,0.011,0.014,0.016,0.018,0.065,0.073,0.080,0.105,0.123,0.131,0.144,0.223,0.280,0.370
157.000,0.055,0.066,0.077,0.120,0.156,0.186,0.204,0.428,0.641,1.054,2.055,2.066,2.077,2.120,2.156,2.186,2.204,2.428,2.641,3.054,600.638,811.390,1049.525,2138.281,3306.321,5315.093,5152.506,18140.059,36322.529,87699.555,0.003,0.004,0.005,0.008,0.010,0.010,0.012,0.015,0.017,0.018,0.063,0.070,0.078,0.101,0.118,0.128,0.139,0.222,0.284,0.383
158.000,0.069,0.082,0.094,0.138,0.175,0.201,0.221,0.428,0.617,1.001,2.069,2.082,2.094,2.138,2.175,2.201,2.221,2.428,2.617,3.001,639.965,863.206,1116.020,2274.287,3515.168,5651.395,5477.235,19297.935,38620.527,93167.945,0.003,0.004,0.005,0.009,0.010,0.011,0.013,0.017,0.019,0.022,0.053,0.060,0.067,0.092,0.112,0.124,0.136,0.237,0.315,0.433
159.000,0.034,0.041,0.047,0.073,0.096,0.117,0.126,0.281,0.448,0.835,2.034,2.041,2.047,2.073,2.096,2.117,2.126,2.281,2.448,2.835,641.669,864.665,1118.323,2278.767,3525.358,5664.711,5491.039,19326.025,38706.861,93394.992,0.002,0.003,0.003,0.005,0.006,0.006,0.007,0.009,0.009,0.011,0.109,0.123,0.135,0.178,0.209,0.222,0.246,0.374,0.452,0.538
16.000,0.061,0.074,0.086,0.131,0.168,0.194,0.215,0.428,0.613,0.956,0.622,0.648,0.672,0.761,0.835,0.889,0.931,1.356,1.726,2.412,92.266,127.153,164.358,335.339,518.167,832.768,806.806,2847.038,5698.923,13778.175,0.010,0.012,0.014,0.019,0.022,0.022,0.025,0.031,0.033,0.037,0.031,0.035,0.038,0.047,0.054,0.056,0.061,0.083,0.097,0.116
160.000,0.038,0.046,0.054,0.085,0.113,0.143,0.152,0.366,0.601,1.112,2.038,2.046,2.054,2.085,2.113,2.143,2.152,2.366,2.601,3.112,643.353,867.449,1121.253,2284.859,3532.312,5678.149,5503.871,19382.385,38793.321,93615.734,0.001,0.002,0.002,0.003,0.003,0.003,0.004,0.005,0.005,0.006,0.097,0.108,0.119,0.153,0.176,0.183,0.203,0.282,0.325,0.383
161.000,0.051,0.061,0.071,0.108,0.140,0.165,0.182,0.373,0.544,0.857,1.101,1.121,1.141,1.216,1.280,1.329,1.363,1.746,2.088,2.714,382.966,519.338,671.530,1368.140,2115.218,3401.232,3296.495,11604.421,23249.730,56180.621,0.003,0.004,0.004,0.007,0.008,0.008,0.009,0.011,0.012,0.014,0.084,0.094,0.103,0.133,0.154,0.163,0.179,0.264,0.322,0.410
162.000,0.045,0.054,0.064,0.097,0.126,0.150,0.165,0.343,0.505,0.810,1.091,1.109,1.127,1.195,1.253,1.299,1.329,1.685,2.010,2.621,383.225,519.597,671.776,1369.020,2116.630,3402.457,3298.477,11610.044,23254.194,56218.898,0.003,0.003,0.004,0.006,0.007,0.007,0.008,0.010,0.011,0.012,0.094,0.105,0.116,0.149,0.173,0.182,0.200,0.294,0.356,0.446
163.000,0.047,0.056,0.065,0.100,0.130,0.154,0.170,0.354,0.525,0.854,1.093,1.112,1.131,1.200,1.260,1.308,1.339,1.709,2.050,2.709,384.315,520.595,673.484,1372.830,2121.425,3410.464,3304.917,11635.131,23285.033,56367.336,0.003,0.003,0.004,0.006,0.007,0.007,0.008,0.010,0.011,0.013,0.092,0.103,0.113,0.145,0.168,0.176,0.194,0.282,0.338,0.414
164.000,0.067,0.080,0.092,0.135,0.171,0.198,0.217,0.430,0.634,1.050,1.135,1.159,1.184,1.271,1.343,1.397,1.435,1.860,2.269,3.100,384.285,520.564,673.420,1372.898,2121.730,3410.470,3305.281,11637.221,23276.538,56372.582,0.001,0.001,0.001,0.001,0.002,0.002,0.002,0.003,0.003,0.003,0.062,0.070,0.078,0.104,0.123,0.130,0.145,0.220,0.261,0.305
165.000,0.065,0.077,0.090,0.140,0.184,0.222,0.242,0.530,0.804,1.341,2.065,2.077,2.090,2.140,2.184,2.222,2.242,2.530,2.804,3.341,1129.647,1520.138,1960.839,3997.238,6179.313,9928.070,9624.605,33924.213,67779.059,163140.188,0.002,0.003,0.004,0.005,0.006,0.006,0.007,0.009,0.010,0.012,0.100,0.112,0.123,0.160,0.187,0.198,0.218,0.329,0.408,0.530
166.000,0.067,0.080,0.094,0.146,0.192,0.230,0.252,0.542,0.810,1.323,2.067,2.080,2.094,2.146,2.192,2.230,2.252,2.542,2.810,3.323,1129.700,1516.572,1960.279,3997.140,6177.531,9928.862,9622.621,33925.975,67772.610,163115.469,0.002,0.003,0.004,0.006,0.006,0.007,0.008,0.010,0.011,0.012,0.097,0.108,0.119,0.154,0.179,0.191,0.209,0.320,0.405,0.539
167.000,0.087,0.103,0.119,0.177,0.226,0.261,0.288,0.566,0.812,1.267,2.087,2.103,2.119,2.177,2.226,2.261,2.288,2.566,2.812,3.267,1129.558,1516.783,1960.294,3997.460,6178.903,9928.823,9628.053,33887.744,67804.949,163082.094,0.002,0.003,0.004,0.006,0.008,0.008,0.009,0.012,0.014,0.016,0.074,0.084,0.093,0.125,0.151,0.165,0.181,0.305,0.403,0.568
168.000,0.037,0.044,0.051,0.078,0.100,0.118,0.130,0.267,0.392,0.631,2.037,2.044,2.051,2.078,2.100,2.118,2.130,2.267,2.392,2.631,1129.543,1516.657,1960.588,3996.807,6177.696,9928.841,9627.767,33876.340,67802.852,163076.984,0.000,0.000,0.000,0.001,0.001,0.001,0.001,0.001,0.002,0.002,0.176,0.198,0.220,0.293,0.349,0.381,0.417,0.693,0.915,1.299
17.000,0.063,0.076,0.088,0.134,0.173,0.203,0.224,0.457,0.666,1.056,0.625,0.652,0.677,0.769,0.847,0.907,0.948,1.415,1.832,2.611,92.457,127.447,164.558,335.683,518.628,833.922,807.951,2855.012,5703.360,13788.033,0.007,0.008,0.009,0.012,0.014,0.014,0.015,0.019,0.021,0.023,0.030,0.034,0.037,0.046,0.052,0.053,0.058,0.076,0.085,0.098
18.000,0.022,0.026,0.031,0.047,0.061,0.073,0.080,0.169,0.253,0.419,1.044,1.053,1.061,1.094,1.122,1.146,1.159,1.338,1.507,1.838,123.634,169.199,218.688,445.952,689.170,1108.238,1073.297,3787.364,7580.275,18404.006,0.003,0.004,0.005,0.008,0.009,0.010,0.011,0.014,0.016,0.018,0.065,0.073,0.080,0.105,0.124,0.132,0.145,0.223,0.277,0.360
19.000,0.021,0.025,0.030,0.046,0.059,0.071,0.077,0.164,0.247,0.409,1.042,1.051,1.060,1.091,1.119,1.141,1.155,1.329,1.494,1.819,136.546,186.658,241.376,492.081,760.447,1222.889,1184.501,4181.538,8367.754,20301.236,0.003,0.004,0.005,0.007,0.008,0.008,0.010,0.013,0.014,0.016,0.074,0.083,0.092,0.120,0.141,0.150,0.165,0.254,0.316,0.409
2.000,0.059,0.071,0.083,0.128,0.167,0.202,0.220,0.484,0.746,1.283,2.059,2.071,2.083,2.128,2.167,2.202,2.220,2.484,2.746,3.283,1038.603,1401.421,1807.502,3685.789,5699.049,9156.044,8872.294,31237.973,62417.665,150822.031,0.002,0.003,0.003,0.005,0.006,0.006,0.007,0.009,0.010,0.012,0.101,0.113,0.125,0.163,0.190,0.202,0.222,0.335,0.410,0.518
20.000,0.021,0.026,0.030,0.046,0.060,0.072,0.079,0.167,0.251,0.418,1.043,1.052,1.060,1.093,1.120,1.144,1.157,1.335,1.503,1.836,136.516,186.844,241.202,491.943,760.669,1222.905,1184.317,4182.074,8351.159,20307.902,0.003,0.004,0.005,0.007,0.008,0.009,0.010,0.013,0.014,0.016,0.073,0.082,0.090,0.118,0.138,0.147,0.162,0.249,0.309,0.398
21.000,0.025,0.030,0.036,0.055,0.071,0.084,0.092,0.196,0.294,0.485,1.050,1.061,1.071,1.109,1.142,1.169,1.185,1.392,1.587,1.970,147.820,202.184,260.964,532.293,822.971,1323.052,1281.265,4523.278,9034.282,21964.834,0.003,0.004,0.005,0.008,0.009,0.009,0.011,0.014,0.016,0.018,0.066,0.075,0.082,0.108,0.126,0.134,0.147,0.224,0.277,0.355
22.000,0.027,0.033,0.039,0.059,0.077,0.091,0.100,0.212,0.316,0.519,1.055,1.066,1.077,1.118,1.154,1.183,1.200,1.424,1.632,2.038,151.400,207.018,267.263,545.105,842.810,1354.405,1311.966,4628.612,9246.047,22487.154,0.004,0.004,0.006,0.008,0.010,0.010,0.011,0.015,0.016,0.019,0.063,0.070,0.078,0.101,0.118,0.126,0.138,0.210,0.258,0.332
23.000,0.028,0.033,0.039,0.060,0.078,0.092,0.101,0.214,0.319,0.524,1.055,1.067,1.078,1.119,1.155,1.184,1.202,1.427,1.638,2.047,153.297,209.090,270.501,551.647,852.680,1370.309,1327.427,4681.001,9352.920,22752.953,0.004,0.004,0.006,0.008,0.010,0.010,0.011,0.015,0.016,0.019,0.063,0.071,0.078,0.101,0.119,0.126,0.139,0.210,0.258,0.332
24.000,0.029,0.035,0.041,0.063,0.081,0.096,0.106,0.222,0.329,0.534,1.058,1.070,1.082,1.125,1.162,1.193,1.211,1.444,1.658,2.069,179.097,244.295,315.402,643.286,994.576,1598.168,1547.812,5462.270,10904.703,26514.828,0.003,0.004,0.005,0.008,0.009,0.009,0.010,0.013,0.015,0.017,0.070,0.078,0.086,0.112,0.132,0.140,0.154,0.234,0.290,0.376
25.000,0.026,0.032,0.037,0.057,0.074,0.088,0.097,0.205,0.307,0.509,1.053,1.064,1.074,1.114,1.148,1.177,1.193,1.410,1.614,2.018,180.066,245.130,317.208,646.914,1000.097,1606.797,1556.756,5489.149,10975.684,26658.311,0.003,0.004,0.004,0.007,0.008,0.008,0.009,0.012,0.013,0.015,0.077,0.087,0.096,0.125,0.146,0.155,0.171,0.258,0.318,0.404
26.000,0.030,0.036,0.042,0.064,0.084,0.100,0.109,0.234,0.356,0.608,1.060,1.072,1.084,1.129,1.168,1.200,1.219,1.468,1.711,2.217,185.660,252.743,326.949,666.602,1030.483,1656.151,1604.161,5655.819,11303.934,27464.633,0.004,0.004,0.005,0.008,0.009,0.009,0.010,0.013,0.015,0.017,0.070,0.079,0.087,0.113,0.132,0.139,0.154,0.228,0.273,0.326
27.000,0.030,0.037,0.043,0.068,0.092,0.117,0.124,0.309,0.513,0.940,1.060,1.073,1.086,1.137,1.183,1.235,1.248,1.619,2.026,2.880,185.664,252.740,326.936,666.567,1030.359,1656.145,1604.107,5655.057,11302.133,27459.273,0.001,0.001,0.001,0.001,0.001,0.001,0.001,0.001,0.001,0.002,0.070,0.078,0.085,0.106,0.120,0.121,0.134,0.163,0.171,0.208
28.000,0.075,0.088,0.102,0.151,0.194,0.229,0.252,0.521,0.756,1.175,1.150,1.176,1.203,1.302,1.389,1.459,1.504,2.041,2.512,3.350,231.531,313.009,404.943,824.799,1275.090,2049.903,1986.959,6999.213,14002.660,33795.293,0.008,0.009,0.011,0.016,0.018,0.019,0.021,0.028,0.031,0.035,0.033,0.038,0.042,0.055,0.064,0.066,0.073,0.103,0.123,0.154
29.000,0.061,0.074,0.088,0.143,0.190,0.225,0.251,0.527,0.764,1.183,1.121,1.149,1.177,1.285,1.379,1.450,1.503,2.055,2.528,3.366,231.569,313.214,404.686,824.546,1274.875,2049.900,1986.617,7003.295,14019.570,33778.387,0.003,0.003,0.004,0.005,0.006,0.006,0.007,0.008,0.009,0.010,0.042,0.046,0.049,0.059,0.066,0.068,0.073,0.101,0.121,0.152
3.000,0.061,0.073,0.085,0.132,0.173,0.209,0.227,0.499,0.766,1.307,2.061,2.073,2.085,2.132,2.173,2.209,2.227,2.499,2.766,3.307,1042.238,1404.334,1813.733,3696.533,5717.014,9186.234,8898.206,31346.507,62562.142,151307.578,0.002,0.003,0.004,0.005,0.006,0.006,0.007,0.010,0.011,0.012,0.098,0.110,0.121,0.158,0.184,0.195,0.215,0.325,0.399,0.507
30.000,0.023,0.028,0.032,0.050,0.064,0.076,0.084,0.174,0.256,0.411,0.546,0.556,0.565,0.599,0.629,0.652,0.668,0.849,1.012,1.322,34.883,48.649,62.868,128.292,198.236,318.730,308.644,1089.352,2175.772,5319.666,0.007,0.009,0.011,0.016,0.018,0.019,0.021,0.027,0.030,0.034,0.034,0.039,0.042,0.055,0.063,0.067,0.073,0.108,0.131,0.165
31.000,0.023,0.028,0.033,0.051,0.066,0.077,0.085,0.177,0.261,0.417,0.546,0.557,0.566,0.601,0.631,0.655,0.671,0.855,1.021,1.334,39.449,55.019,71.098,145.010,224.136,360.380,349.023,1231.258,2463.484,6004.420,0.006,0.008,0.010,0.014,0.017,0.017,0.019,0.025,0.027,0.031,0.038,0.043,0.047,0.061,0.070,0.074,0.081,0.119,0.145,0.182
32.000,0.023,0.028,0.033,0.050,0.065,0.077,0.085,0.175,0.257,0.411,0.546,0.556,0.565,0.600,0.630,0.653,0.669,0.851,1.015,1.323,45.864,63.915,82.702,168.592,260.607,419.014,405.870,1432.038,2863.813,6967.403,0.005,0.007,0.008,0.012,0.014,0.014,0.016,0.021,0.023,0.026,0.044,0.050,0.055,0.071,0.083,0.087,0.096,0.141,0.171,0.216
33.000,0.021,0.025,0.029,0.045,0.058,0.069,0.076,0.159,0.234,0.376,0.541,0.550,0.559,0.590,0.617,0.638,0.652,0.817,0.968,1.252,47.086,65.603,84.870,173.124,267.620,430.094,416.736,1470.389,2943.307,7134.683,0.005,0.006,0.007,0.011,0.012,0.012,0.014,0.018,0.020,0.023,0.051,0.058,0.064,0.082,0.095,0.101,0.111,0.164,0.199,0.252
34.000,0.021,0.026,0.031,0.047,0.061,0.072,0.079,0.165,0.243,0.390,0.543,0.552,0.561,0.594,0.622,0.644,0.658,0.830,0.987,1.280,49.870,69.341,89.617,182.863,282.624,454.187,439.914,1553.386,3110.914,7533.215,0.005,0.006,0.007,0.010,0.012,0.012,0.014,0.018,0.020,0.022,0.052,0.059,0.064,0.083,0.096,0.102,0.112,0.165,0.200,0.252
35.000,0.026,0.031,0.036,0.056,0.072,0.085,0.094,0.195,0.286,0.455,0.551,0.562,0.573,0.612,0.645,0.671,0.688,0.890,1.072,1.409,52.440,72.888,94.159,192.089,296.846,477.251,462.328,1632.570,3272.704,7924.525,0.005,0.007,0.008,0.012,0.014,0.014,0.016,0.021,0.023,0.026,0.045,0.051,0.056,0.072,0.083,0.088,0.096,0.140,0.169,0.212
36.000,0.029,0.035,0.041,0.063,0.082,0.097,0.107,0.221,0.323,0.513,0.558,0.571,0.583,0.627,0.664,0.694,0.714,0.942,1.146,1.525,58.427,81.026,104.712,213.532,329.998,530.601,513.973,1817.538,3632.958,8817.190,0.006,0.007,0.009,0.013,0.014,0.015,0.017,0.021,0.023,0.026,0.044,0.050,0.054,0.070,0.080,0.084,0.092,0.133,0.159,0.197
37.000,0.041,0.050,0.058,0.090,0.116,0.135,0.150,0.304,0.438,0.682,0.583,0.600,0.617,0.679,0.731,0.771,0.800,1.108,1.377,1.865,81.727,112.859,145.718,297.416,459.345,738.633,715.799,2528.264,5061.021,12263.558,0.007,0.008,0.010,0.014,0.016,0.016,0.018,0.022,0.024,0.027,0.042,0.048,0.052,0.066,0.075,0.078,0.085,0.120,0.143,0.177
38.000,0.054,0.065,0.076,0.116,0.149,0.172,0.191,0.377,0.534,0.811,0.608,0.631,0.653,0.732,0.798,0.844,0.883,1.255,1.567,2.122,84.919,117.087,151.484,308.844,477.302,767.592,743.537,2625.606,5249.396,12757.654,0.008,0.011,0.013,0.018,0.020,0.021,0.023,0.029,0.032,0.035,0.033,0.037,0.040,0.050,0.057,0.060,0.065,0.092,0.111,0.140
39.000,0.049,0.060,0.070,0.106,0.136,0.157,0.175,0.345,0.488,0.744,0.599,0.620,0.639,0.712,0.772,0.815,0.850,1.189,1.476,1.988,85.656,118.189,152.642,311.247,481.241,773.668,749.339,2646.031,5285.719,12867.601,0.007,0.009,0.011,0.016,0.018,0.018,0.021,0.026,0.028,0.032,0.037,0.041,0.045,0.056,0.065,0.068,0.074,0.106,0.127,0.162
4.000,0.062,0.075,0.087,0.136,0.178,0.215,0.234,0.511,0.780,1.319,2.062,2.075,2.087,2.136,2.178,2.215,2.234,2.511,2.780,3.319,1056.988,1422.209,1838.343,3746.097,5794.781,9310.293,9019.914,31771.128,63394.082,153309.953,0.002,0.003,0.004,0.006,0.006,0.007,0.007,0.010,0.011,0.012,0.097,0.109,0.120,0.155,0.181,0.192,0.211,0.320,0.396,0.508
40.000,0.044,0.053,0.062,0.094,0.122,0.142,0.157,0.317,0.456,0.711,0.588,0.606,0.624,0.689,0.744,0.784,0.815,1.134,1.411,1.923,89.628,123.678,159.644,325.654,503.505,809.072,783.959,2764.435,5522.707,13449.381,0.006,0.008,0.009,0.013,0.015,0.015,0.017,0.022,0.024,0.027,0.044,0.049,0.053,0.067,0.077,0.081,0.088,0.124,0.147,0.181
41.000,0.045,0.055,0.064,0.098,0.128,0.151,0.167,0.346,0.507,0.811,0.590,0.609,0.628,0.697,0.756,0.803,0.834,1.192,1.515,2.122,90.266,124.166,160.629,327.466,506.124,813.882,788.510,2780.429,5557.766,13516.331,0.008,0.009,0.011,0.014,0.016,0.016,0.018,0.022,0.024,0.027,0.043,0.048,0.052,0.065,0.073,0.075,0.082,0.110,0.127,0.148
42.000,0.125,0.147,0.168,0.243,0.302,0.337,0.374,0.671,0.911,1.325,0.750,0.794,0.837,0.985,1.103,1.173,1.248,1.842,2.321,3.151,92.047,125.923,162.862,332.094,513.353,824.960,798.940,2824.146,5652.445,13662.840,0.018,0.023,0.028,0.041,0.047,0.048,0.054,0.069,0.076,0.085,0.014,0.015,0.017,0.021,0.025,0.026,0.028,0.042,0.051,0.066
43.000,0.106,0.126,0.146,0.217,0.274,0.308,0.343,0.633,0.867,1.278,0.711,0.753,0.793,0.935,1.048,1.116,1.187,1.766,2.235,3.056,134.985,183.032,236.831,482.448,745.952,1199.060,1162.135,4093.872,8195.908,19800.490,0.011,0.014,0.018,0.025,0.028,0.029,0.032,0.040,0.043,0.047,0.025,0.027,0.029,0.036,0.041,0.043,0.047,0.066,0.080,0.101
44.000,0.118,0.139,0.159,0.228,0.281,0.313,0.346,0.616,0.844,1.249,0.737,0.778,0.818,0.956,1.062,1.125,1.192,1.733,2.187,2.998,135.318,183.253,236.874,482.877,746.418,1199.650,1162.276,4100.489,8209.356,19780.498,0.008,0.010,0.012,0.019,0.022,0.022,0.025,0.033,0.036,0.040,0.021,0.024,0.026,0.034,0.040,0.042,0.046,0.069,0.084,0.105
45.000,0.019,0.022,0.026,0.040,0.052,0.062,0.068,0.143,0.212,0.342,0.537,0.545,0.552,0.580,0.604,0.624,0.636,0.785,0.923,1.183,26.152,36.017,46.560,94.941,146.682,235.903,228.566,807.455,1616.915,3915.289,0.007,0.009,0.011,0.017,0.020,0.020,0.023,0.030,0.033,0.037,0.032,0.036,0.039,0.051,0.059,0.062,0.069,0.102,0.125,0.158
46.000,0.020,0.024,0.029,0.044,0.057,0.067,0.074,0.153,0.226,0.362,0.540,0.549,0.557,0.587,0.613,0.634,0.647,0.807,0.952,1.223,31.087,42.773,55.336,112.808,174.303,280.401,271.617,960.294,1921.190,4656.222,0.007,0.009,0.010,0.016,0.018,0.018,0.021,0.027,0.030,0.034,0.034,0.039,0.043,0.055,0.064,0.068,0.075,0.111,0.136,0.174
47.000,0.017,0.021,0.024,0.037,0.048,0.057,0.063,0.132,0.197,0.320,0.534,0.541,0.548,0.574,0.596,0.614,0.626,0.765,0.894,1.141,32.464,44.630,57.725,117.664,181.808,292.505,283.279,1001.626,2002.378,4860.401,0.005,0.007,0.008,0.012,0.015,0.015,0.017,0.022,0.024,0.027,0.043,0.048,0.053,0.069,0.080,0.085,0.093,0.139,0.170,0.215
48.000,0.026,0.031,0.036,0.055,0.072,0.084,0.093,0.193,0.282,0.448,0.551,0.562,0.572,0.610,0.643,0.669,0.686,0.885,1.064,1.396,43.201,59.152,76.552,156.039,241.130,387.918,375.661,1328.192,2655.344,6439.298,0.007,0.008,0.010,0.015,0.017,0.017,0.020,0.025,0.028,0.031,0.037,0.042,0.046,0.059,0.069,0.072,0.079,0.116,0.140,0.176
49.000,0.026,0.031,0.036,0.055,0.072,0.085,0.093,0.194,0.283,0.448,0.551,0.562,0.572,0.611,0.644,0.669,0.687,0.887,1.066,1.396,46.668,63.889,82.636,168.334,260.211,418.599,405.379,1431.505,2864.805,6951.785,0.006,0.008,0.009,0.014,0.016,0.016,0.018,0.023,0.026,0.029,0.040,0.045,0.050,0.064,0.074,0.078,0.085,0.124,0.150,0.190
5.000,0.077,0.091,0.106,0.159,0.204,0.240,0.262,0.540,0.804,1.337,2.077,2.091,2.106,2.159,2.204,2.240,2.262,2.540,2.804,3.337,1060.081,1425.659,1843.161,3756.252,5811.859,9334.254,9043.854,31855.768,63568.221,153688.062,0.002,0.003,0.004,0.006,0.007,0.008,0.009,0.012,0.013,0.015,0.079,0.089,0.099,0.132,0.158,0.170,0.188,0.302,0.383,0.501
50.000,0.023,0.028,0.033,0.050,0.065,0.077,0.085,0.175,0.257,0.412,0.547,0.556,0.566,0.601,0.630,0.654,0.669,0.850,1.015,1.323,47.692,65.387,84.402,172.159,266.152,427.970,414.362,1463.212,2925.646,7109.152,0.005,0.007,0.008,0.012,0.014,0.014,0.016,0.021,0.023,0.026,0.045,0.051,0.056,0.072,0.084,0.089,0.098,0.144,0.175,0.220
51.000,0.023,0.028,0.032,0.050,0.064,0.076,0.084,0.176,0.261,0.421,0.546,0.555,0.564,0.599,0.629,0.653,0.668,0.852,1.021,1.341,47.860,65.502,84.659,172.644,266.971,429.026,415.619,1466.540,2930.768,7127.838,0.005,0.007,0.008,0.012,0.014,0.014,0.016,0.020,0.022,0.025,0.047,0.052,0.057,0.074,0.085,0.090,0.099,0.143,0.172,0.214
52.000,0.061,0.073,0.084,0.127,0.162,0.185,0.207,0.396,0.551,0.820,0.621,0.645,0.669,0.754,0.824,0.871,0.913,1.293,1.603,2.140,85.619,116.470,150.641,307.004,474.557,763.150,739.296,2610.855,5220.012,12646.325,0.009,0.011,0.014,0.020,0.023,0.023,0.026,0.033,0.036,0.040,0.029,0.033,0.036,0.045,0.051,0.054,0.059,0.086,0.105,0.136
53.000,0.035,0.043,0.050,0.076,0.098,0.115,0.128,0.261,0.378,0.593,0.571,0.585,0.599,0.652,0.697,0.731,0.755,1.021,1.255,1.685,86.412,117.533,151.902,309.761,478.774,769.682,745.304,2629.419,5259.335,12757.670,0.005,0.006,0.008,0.011,0.012,0.013,0.014,0.018,0.020,0.022,0.053,0.059,0.065,0.082,0.094,0.099,0.108,0.154,0.185,0.229
54.000,0.046,0.055,0.064,0.098,0.126,0.147,0.163,0.328,0.472,0.738,0.591,0.610,0.628,0.695,0.752,0.794,0.826,1.156,1.444,1.976,87.317,118.852,153.510,313.040,483.983,777.682,753.429,2656.767,5305.678,12887.979,0.007,0.009,0.010,0.014,0.016,0.017,0.019,0.023,0.026,0.029,0.041,0.045,0.049,0.062,0.071,0.074,0.081,0.114,0.135,0.164
55.000,0.050,0.060,0.070,0.108,0.140,0.164,0.182,0.374,0.546,0.868,0.599,0.620,0.640,0.715,0.779,0.829,0.864,1.248,1.591,2.237,88.763,120.545,155.905,317.667,491.085,789.740,765.260,2696.732,5393.822,13070.484,0.009,0.011,0.012,0.016,0.018,0.018,0.021,0.026,0.028,0.031,0.038,0.042,0.045,0.057,0.064,0.066,0.072,0.096,0.110,0.128
56.000,0.092,0.110,0.128,0.193,0.246,0.280,0.313,0.595,0.830,1.242,0.684,0.720,0.756,0.885,0.992,1.060,1.125,1.691,2.159,2.985,90.349,122.321,158.238,322.683,498.836,801.589,776.335,2744.852,5490.151,13218.995,0.016,0.020,0.024,0.033,0.037,0.037,0.041,0.051,0.055,0.060,0.019,0.021,0.023,0.028,0.032,0.033,0.036,0.049,0.058,0.071
57.000,0.099,0.117,0.136,0.202,0.256,0.290,0.323,0.607,0.842,1.258,0.697,0.735,0.772,0.904,1.011,1.080,1.146,1.713,2.185,3.016,102.282,138.119,178.650,364.113,563.125,904.670,876.477,3093.402,6189.809,14907.562,0.013,0.016,0.019,0.027,0.031,0.031,0.035,0.043,0.047,0.052,0.020,0.022,0.024,0.030,0.034,0.035,0.038,0.054,0.064,0.078
58.000,0.104,0.122,0.140,0.203,0.254,0.288,0.319,0.599,0.836,1.255,1.209,1.245,1.280,1.406,1.508,1.577,1.637,2.198,2.672,3.509,344.021,464.269,600.490,1224.479,1892.498,3041.149,2945.497,10406.543,20837.260,50042.648,0.006,0.007,0.009,0.014,0.017,0.017,0.020,0.027,0.030,0.034,0.035,0.039,0.044,0.058,0.069,0.074,0.082,0.126,0.158,0.206
59.000,0.070,0.084,0.098,0.150,0.194,0.227,0.251,0.511,0.739,1.147,1.140,1.167,1.195,1.299,1.388,1.454,1.503,2.023,2.478,3.293,346.447,467.513,604.705,1232.866,1905.829,3061.845,2966.798,10467.344,20945.903,50403.547,0.005,0.006,0.007,0.011,0.012,0.012,0.014,0.018,0.019,0.022,0.054,0.060,0.066,0.083,0.096,0.100,0.110,0.157,0.190,0.238
6.000,0.057,0.069,0.080,0.124,0.162,0.197,0.213,0.470,0.725,1.250,2.057,2.069,2.080,2.124,2.162,2.197,2.213,2.470,2.725,3.250,1063.424,1429.460,1848.858,3766.588,5824.984,9362.959,9072.038,31976.330,63766.493,154139.109,0.002,0.003,0.003,0.005,0.006,0.006,0.007,0.009,0.010,0.011,0.106,0.119,0.131,0.171,0.201,0.213,0.235,0.354,0.433,0.546
60.000,0.073,0.087,0.102,0.156,0.201,0.234,0.260,0.520,0.746,1.151,1.146,1.175,1.204,1.312,1.403,1.468,1.520,2.040,2.492,3.302,350.124,472.613,610.931,1244.404,1923.883,3092.951,2996.746,10565.824,21146.654,50928.523,0.005,0.006,0.007,0.011,0.013,0.013,0.014,0.018,0.020,0.022,0.052,0.058,0.063,0.080,0.093,0.097,0.106,0.155,0.189,0.239
61.000,0.071,0.084,0.098,0.148,0.191,0.222,0.246,0.494,0.714,1.115,1.141,1.169,1.196,1.297,1.382,1.445,1.492,1.988,2.428,3.230,350.386,473.434,610.883,1245.264,1925.351,3095.246,2999.316,10561.817,21158.300,50982.609,0.005,0.006,0.007,0.010,0.012,0.012,0.014,0.018,0.019,0.022,0.054,0.060,0.066,0.085,0.098,0.104,0.114,0.166,0.201,0.251
62.000,0.064,0.076,0.089,0.137,0.178,0.210,0.232,0.482,0.705,1.111,1.127,1.153,1.178,1.274,1.356,1.421,1.464,1.964,2.409,3.223,372.646,502.954,648.789,1322.255,2044.550,3286.549,3185.162,11211.566,22456.326,54096.168,0.004,0.005,0.006,0.009,0.010,0.010,0.012,0.015,0.016,0.018,0.064,0.071,0.078,0.099,0.113,0.118,0.129,0.183,0.217,0.268
63.000,0.072,0.087,0.101,0.156,0.202,0.236,0.262,0.533,0.766,1.186,1.145,1.173,1.203,1.311,1.404,1.473,1.525,2.065,2.532,3.372,374.125,503.735,651.305,1327.586,2052.947,3298.667,3197.083,11254.615,22491.120,54301.180,0.005,0.006,0.007,0.010,0.012,0.012,0.014,0.017,0.019,0.021,0.056,0.062,0.068,0.086,0.098,0.103,0.112,0.160,0.193,0.243
64.000,0.087,0.103,0.120,0.179,0.229,0.262,0.291,0.563,0.793,1.209,1.174,1.206,1.239,1.359,1.457,1.525,1.582,2.126,2.587,3.417,380.590,511.806,662.122,1349.586,2086.327,3352.411,3248.849,11443.398,22857.469,55177.109,0.005,0.006,0.008,0.012,0.013,0.014,0.016,0.020,0.022,0.025,0.047,0.052,0.057,0.074,0.086,0.092,0.100,0.151,0.187,0.240
65.000,0.069,0.083,0.096,0.146,0.188,0.219,0.242,0.488,0.704,1.115,1.139,1.165,1.192,1.292,1.376,1.438,1.484,1.976,2.407,3.231,383.428,515.993,667.190,1359.998,2101.857,3377.680,3273.652,11525.885,23006.377,55586.414,0.004,0.005,0.006,0.009,0.011,0.011,0.012,0.016,0.017,0.019,0.060,0.067,0.074,0.095,0.110,0.115,0.126,0.185,0.223,0.274
66.000,0.063,0.076,0.088,0.136,0.176,0.208,0.229,0.473,0.694,1.135,1.126,1.151,1.177,1.272,1.353,1.416,1.459,1.946,2.389,3.269,383.429,516.666,667.008,1359.793,2102.607,3377.699,3272.100,11528.405,23006.493,55583.820,0.004,0.005,0.006,0.009,0.010,0.010,0.011,0.014,0.016,0.018,0.066,0.074,0.081,0.102,0.118,0.123,0.135,0.192,0.227,0.267
67.000,0.078,0.093,0.107,0.161,0.205,0.237,0.261,0.517,0.754,1.249,1.156,1.185,1.215,1.321,1.410,1.474,1.522,2.033,2.508,3.498,384.446,517.680,668.360,1362.115,2107.791,3385.503,3280.545,11568.007,23057.706,55709.586,0.003,0.004,0.004,0.006,0.007,0.008,0.009,0.011,0.012,0.014,0.053,0.059,0.065,0.085,0.099,0.105,0.116,0.172,0.203,0.231
68.000,0.036,0.044,0.051,0.079,0.102,0.122,0.134,0.286,0.426,0.696,1.072,1.087,1.102,1.157,1.205,1.245,1.268,1.571,1.853,2.393,201.763,279.209,360.980,736.424,1137.746,1829.177,1772.021,6247.197,12477.043,30471.270,0.004,0.005,0.006,0.009,0.010,0.010,0.012,0.015,0.016,0.018,0.063,0.071,0.078,0.101,0.117,0.123,0.135,0.198,0.239,0.300
69.000,0.054,0.066,0.077,0.116,0.148,0.172,0.190,0.376,0.536,0.823,1.109,1.132,1.153,1.231,1.297,1.343,1.381,1.753,2.071,2.647,222.757,307.582,397.916,811.694,1254.146,2016.208,1953.369,6885.200,13752.362,33552.707,0.004,0.006,0.008,0.012,0.014,0.014,0.016,0.021,0.023,0.026,0.045,0.051,0.056,0.073,0.086,0.091,0.100,0.155,0.194,0.260
7.000,0.060,0.072,0.084,0.130,0.170,0.206,0.224,0.491,0.754,1.287,2.060,2.072,2.084,2.130,2.170,2.206,2.224,2.491,2.754,3.287,1088.873,1462.777,1891.816,3854.040,5960.686,9579.236,9282.340,32711.718,65242.930,157630.094,0.002,0.003,0.003,0.005,0.006,0.006,0.007,0.009,0.010,0.011,0.104,0.116,0.128,0.167,0.195,0.207,0.228,0.345,0.423,0.539
70.000,0.031,0.037,0.044,0.067,0.087,0.104,0.114,0.241,0.360,0.593,1.062,1.075,1.087,1.134,1.175,1.208,1.228,1.482,1.719,2.185,222.903,307.750,397.993,811.435,1254.117,2016.810,1953.916,6889.776,13756.848,33554.953,0.003,0.004,0.004,0.006,0.008,0.008,0.009,0.011,0.013,0.014,0.081,0.092,0.101,0.132,0.154,0.163,0.179,0.268,0.327,0.413
71.000,0.036,0.043,0.050,0.078,0.101,0.121,0.132,0.283,0.426,0.709,1.071,1.086,1.101,1.155,1.202,1.242,1.264,1.565,1.852,2.418,223.135,307.981,398.239,811.709,1254.247,2017.428,1955.143,6887.492,13782.626,33552.320,0.003,0.003,0.004,0.006,0.007,0.007,0.008,0.010,0.011,0.012,0.071,0.080,0.087,0.113,0.131,0.138,0.152,0.221,0.264,0.322
72.000,0.002,0.002,0.002,0.004,0.005,0.006,0.006,0.014,0.021,0.035,0.503,0.504,0.505,0.507,0.510,0.512,0.513,0.527,0.541,0.570,0.956,1.318,1.705,3.476,5.376,8.642,8.371,29.530,59.074,143.941,0.013,0.018,0.024,0.038,0.046,0.047,0.054,0.072,0.080,0.090,0.013,0.015,0.016,0.021,0.025,0.028,0.030,0.049,0.064,0.089
73.000,0.006,0.007,0.009,0.013,0.017,0.021,0.023,0.048,0.073,0.124,0.512,0.515,0.517,0.527,0.535,0.542,0.545,0.597,0.646,0.748,8.000,11.106,14.351,29.264,45.224,72.737,70.446,248.529,496.645,1213.859,0.006,0.008,0.011,0.017,0.020,0.020,0.023,0.031,0.034,0.039,0.030,0.034,0.038,0.050,0.058,0.063,0.069,0.109,0.138,0.183
74.000,0.008,0.010,0.011,0.017,0.022,0.027,0.029,0.062,0.094,0.158,0.516,0.519,0.522,0.534,0.545,0.553,0.558,0.624,0.688,0.815,12.330,17.093,22.111,45.077,69.677,112.033,108.489,382.675,765.824,1866.788,0.006,0.007,0.009,0.014,0.017,0.017,0.020,0.026,0.029,0.033,0.036,0.041,0.045,0.059,0.069,0.074,0.082,0.127,0.160,0.210
75.000,0.009,0.011,0.013,0.020,0.026,0.031,0.034,0.073,0.110,0.184,0.519,0.523,0.526,0.540,0.553,0.563,0.569,0.646,0.720,0.868,12.444,17.214,22.278,45.412,70.221,112.857,109.347,385.371,771.905,1874.591,0.007,0.009,0.011,0.017,0.020,0.020,0.023,0.030,0.034,0.038,0.031,0.035,0.038,0.050,0.059,0.063,0.069,0.107,0.134,0.173
76.000,0.015,0.018,0.021,0.032,0.041,0.049,0.054,0.114,0.169,0.277,0.529,0.536,0.541,0.564,0.583,0.598,0.608,0.727,0.839,1.054,21.121,29.147,37.707,76.903,118.870,191.069,185.111,652.399,1306.881,3173.252,0.007,0.009,0.011,0.016,0.019,0.019,0.022,0.029,0.032,0.036,0.033,0.037,0.041,0.053,0.062,0.066,0.072,0.109,0.134,0.171
77.000,0.015,0.018,0.021,0.033,0.043,0.051,0.056,0.117,0.175,0.285,0.530,0.537,0.543,0.566,0.585,0.601,0.611,0.734,0.849,1.070,23.888,32.968,42.616,86.966,134.398,216.001,209.241,738.621,1478.689,3580.035,0.006,0.008,0.010,0.015,0.017,0.018,0.020,0.026,0.029,0.033,0.036,0.040,0.045,0.058,0.068,0.072,0.079,0.119,0.146,0.186
78.000,0.017,0.020,0.024,0.037,0.048,0.057,0.062,0.132,0.198,0.324,0.534,0.541,0.548,0.573,0.595,0.614,0.625,0.765,0.896,1.148,24.076,33.234,42.949,87.651,135.447,217.693,210.892,744.633,1490.419,3608.331,0.000,0.001,0.001,0.001,0.001,0.001,0.001,0.002,0.002,0.002,0.032,0.036,0.040,0.052,0.060,0.064,0.070,0.103,0.125,0.157
79.000,0.002,0.002,0.002,0.004,0.005,0.006,0.006,0.013,0.020,0.035,0.503,0.504,0.505,0.507,0.510,0.511,0.512,0.527,0.540,0.569,0.707,0.968,1.251,2.553,3.946,6.341,6.142,21.656,43.369,105.352,0.018,0.024,0.032,0.051,0.061,0.062,0.072,0.096,0.106,0.121,0.010,0.011,0.012,0.016,0.019,0.021,0.023,0.037,0.048,0.066
8.000,0.062,0.075,0.087,0.135,0.176,0.212,0.232,0.503,0.766,1.299,2.062,2.075,2.087,2.135,2.176,2.212,2.232,2.503,2.766,3.299,1088.862,1463.607,1891.778,3853.213,5959.022,9579.868,9286.581,32728.244,65236.802,157622.531,0.002,0.003,0.003,0.005,0.006,0.006,0.007,0.009,0.010,0.012,0.100,0.112,0.123,0.161,0.188,0.200,0.220,0.336,0.416,0.532
80.000,0.007,0.008,0.010,0.015,0.019,0.023,0.025,0.053,0.081,0.136,0.514,0.517,0.519,0.530,0.538,0.546,0.550,0.607,0.662,0.773,8.094,11.218,14.500,29.563,45.702,73.482,71.170,250.974,501.906,1225.858,0.007,0.009,0.012,0.019,0.022,0.022,0.026,0.034,0.037,0.043,0.027,0.031,0.034,0.045,0.053,0.057,0.063,0.099,0.124,0.164
81.000,0.009,0.011,0.013,0.020,0.025,0.030,0.033,0.070,0.106,0.177,0.518,0.522,0.525,0.539,0.551,0.561,0.566,0.641,0.712,0.855,12.480,17.364,22.465,45.801,70.792,113.831,110.235,388.960,778.171,1895.784,0.006,0.008,0.010,0.016,0.019,0.019,0.022,0.029,0.032,0.036,0.032,0.036,0.040,0.052,0.062,0.066,0.072,0.112,0.141,0.184
82.000,0.008,0.010,0.012,0.018,0.024,0.029,0.031,0.067,0.100,0.168,0.517,0.521,0.524,0.537,0.548,0.557,0.563,0.633,0.701,0.836,12.591,17.481,22.615,46.119,71.309,114.601,111.042,391.357,783.953,1903.110,0.006,0.008,0.010,0.015,0.018,0.018,0.021,0.027,0.030,0.034,0.034,0.039,0.043,0.056,0.066,0.070,0.078,0.121,0.151,0.197
83.000,0.009,0.011,0.013,0.020,0.026,0.031,0.034,0.072,0.108,0.180,0.518,0.522,0.526,0.540,0.552,0.562,0.568,0.644,0.717,0.861,14.241,19.754,25.513,52.062,80.460,129.350,125.306,442.443,885.502,2144.093,0.006,0.007,0.009,0.014,0.017,0.017,0.020,0.026,0.029,0.033,0.036,0.040,0.045,0.058,0.069,0.073,0.081,0.125,0.156,0.203
84.000,0.012,0.014,0.017,0.026,0.033,0.040,0.043,0.092,0.138,0.228,0.523,0.528,0.533,0.551,0.566,0.579,0.587,0.684,0.776,0.956,16.178,22.372,28.912,58.960,91.095,146.497,141.923,500.980,1004.053,2430.986,0.007,0.009,0.011,0.017,0.019,0.020,0.023,0.030,0.033,0.037,0.031,0.036,0.039,0.051,0.060,0.064,0.070,0.107,0.133,0.171
85.000,0.016,0.019,0.022,0.034,0.044,0.052,0.057,0.121,0.180,0.292,0.531,0.538,0.544,0.568,0.588,0.604,0.615,0.741,0.859,1.085,27.408,37.730,48.768,99.516,153.797,247.185,239.461,844.987,1692.032,4096.615,0.006,0.007,0.009,0.013,0.016,0.016,0.018,0.024,0.026,0.029,0.040,0.045,0.049,0.064,0.075,0.079,0.087,0.131,0.161,0.206
86.000,0.016,0.020,0.023,0.035,0.046,0.055,0.060,0.126,0.188,0.305,0.533,0.540,0.546,0.571,0.592,0.609,0.620,0.752,0.875,1.110,29.161,40.147,51.844,105.794,163.399,262.759,254.582,898.526,1800.612,4359.069,0.006,0.007,0.009,0.013,0.015,0.016,0.018,0.023,0.026,0.029,0.040,0.045,0.050,0.065,0.076,0.080,0.088,0.132,0.162,0.207
87.000,0.018,0.021,0.025,0.038,0.050,0.059,0.065,0.137,0.203,0.330,0.535,0.543,0.550,0.577,0.600,0.618,0.630,0.774,0.907,1.161,32.729,44.959,58.143,118.542,183.200,294.615,285.449,1008.316,2019.301,4889.271,0.006,0.007,0.009,0.013,0.015,0.015,0.017,0.023,0.025,0.028,0.042,0.047,0.052,0.067,0.078,0.082,0.090,0.135,0.164,0.207
88.000,0.026,0.032,0.037,0.056,0.073,0.086,0.095,0.197,0.288,0.458,0.552,0.563,0.574,0.613,0.646,0.672,0.690,0.893,1.076,1.416,32.786,44.972,58.151,118.526,183.200,294.643,285.277,1007.744,2016.153,4895.190,0.009,0.011,0.014,0.020,0.023,0.023,0.026,0.034,0.037,0.042,0.028,0.031,0.034,0.044,0.051,0.053,0.059,0.086,0.103,0.130
89.000,0.027,0.032,0.038,0.058,0.076,0.089,0.098,0.204,0.299,0.474,0.554,0.565,0.576,0.616,0.651,0.678,0.697,0.908,1.097,1.449,34.096,46.719,60.355,123.089,190.315,305.877,296.294,1045.650,2090.889,5081.774,0.009,0.011,0.014,0.020,0.023,0.023,0.026,0.034,0.037,0.042,0.028,0.031,0.034,0.044,0.051,0.053,0.059,0.085,0.102,0.128
9.000,0.062,0.075,0.087,0.134,0.174,0.209,0.228,0.491,0.750,1.281,2.062,2.075,2.087,2.134,2.174,2.209,2.228,2.491,2.750,3.281,1088.804,1463.862,1891.762,3855.048,5959.732,9579.854,9283.424,32710.092,65283.592,157601.469,0.002,0.003,0.003,0.005,0.006,0.006,0.007,0.009,0.010,0.012,0.100,0.112,0.124,0.162,0.191,0.203,0.224,0.345,0.426,0.542
90.000,0.035,0.043,0.050,0.076,0.097,0.113,0.125,0.248,0.352,0.534,0.571,0.585,0.599,0.651,0.694,0.725,0.750,0.996,1.204,1.567,37.654,51.261,66.304,135.125,208.880,335.965,325.381,1146.898,2293.328,5573.090,0.009,0.012,0.014,0.021,0.025,0.025,0.028,0.036,0.040,0.045,0.023,0.026,0.028,0.036,0.042,0.044,0.048,0.072,0.089,0.117
91.000,0.002,0.003,0.003,0.005,0.006,0.007,0.008,0.017,0.026,0.045,0.504,0.505,0.506,0.510,0.512,0.515,0.516,0.535,0.553,0.590,1.587,2.197,2.843,5.794,8.956,14.401,13.945,49.197,98.421,240.130,0.010,0.014,0.018,0.030,0.035,0.036,0.042,0.055,0.061,0.070,0.017,0.019,0.021,0.028,0.033,0.036,0.039,0.064,0.083,0.114
92.000,0.002,0.003,0.003,0.005,0.007,0.008,0.009,0.019,0.028,0.048,0.505,0.506,0.507,0.510,0.513,0.516,0.517,0.537,0.556,0.596,1.599,2.200,2.842,5.798,8.957,14.402,13.952,49.263,98.582,238.818,0.011,0.015,0.020,0.032,0.037,0.038,0.044,0.059,0.065,0.074,0.016,0.018,0.020,0.026,0.031,0.034,0.037,0.060,0.077,0.105
93.000,0.016,0.020,0.023,0.035,0.046,0.055,0.060,0.126,0.187,0.306,0.532,0.540,0.546,0.571,0.592,0.609,0.620,0.752,0.874,1.112,42.673,59.493,76.904,156.932,242.399,389.754,377.444,1332.652,2658.366,6514.787,0.004,0.005,0.006,0.009,0.010,0.011,0.012,0.016,0.017,0.020,0.059,0.067,0.074,0.096,0.112,0.119,0.131,0.196,0.241,0.307
94.000,0.018,0.022,0.026,0.040,0.052,0.061,0.067,0.141,0.209,0.339,0.536,0.544,0.552,0.580,0.603,0.623,0.635,0.782,0.918,1.178,42.890,59.761,77.224,157.499,243.397,391.444,379.123,1336.879,2674.678,6527.510,0.004,0.006,0.007,0.010,0.012,0.012,0.014,0.018,0.019,0.022,0.053,0.060,0.066,0.085,0.099,0.105,0.115,0.172,0.210,0.267
95.000,0.020,0.025,0.029,0.045,0.058,0.069,0.076,0.158,0.233,0.375,0.541,0.550,0.558,0.589,0.616,0.637,0.651,0.815,0.965,1.250,50.334,69.929,90.429,184.379,284.994,458.236,443.732,1566.087,3132.527,7628.330,0.004,0.005,0.007,0.010,0.011,0.012,0.013,0.017,0.019,0.021,0.055,0.062,0.068,0.088,0.102,0.108,0.119,0.176,0.214,0.271
96.000,0.022,0.027,0.031,0.048,0.063,0.074,0.082,0.170,0.250,0.402,0.544,0.554,0.563,0.597,0.625,0.648,0.663,0.840,1.001,1.303,51.866,72.057,93.213,190.067,293.851,472.361,457.508,1613.032,3230.493,7845.799,0.005,0.006,0.007,0.010,0.012,0.012,0.014,0.018,0.020,0.022,0.052,0.059,0.065,0.083,0.097,0.102,0.112,0.165,0.200,0.252
97.000,0.026,0.032,0.038,0.058,0.075,0.089,0.098,0.205,0.302,0.484,0.553,0.564,0.575,0.616,0.650,0.678,0.696,0.910,1.104,1.469,52.209,72.422,93.604,190.988,295.194,474.393,459.608,1622.432,3249.182,7868.146,0.006,0.007,0.009,0.013,0.015,0.015,0.017,0.022,0.024,0.027,0.044,0.049,0.054,0.069,0.079,0.083,0.091,0.131,0.156,0.192
98.000,0.057,0.069,0.081,0.124,0.159,0.184,0.205,0.405,0.572,0.860,0.614,0.639,0.662,0.747,0.819,0.869,0.911,1.310,1.644,2.221,85.007,117.488,151.862,309.891,478.836,769.630,745.592,2631.410,5272.745,12763.639,0.009,0.012,0.014,0.019,0.022,0.022,0.025,0.031,0.034,0.037,0.031,0.035,0.038,0.047,0.053,0.055,0.060,0.083,0.100,0.127
99.000,0.077,0.093,0.107,0.158,0.199,0.223,0.250,0.456,0.617,0.884,0.654,0.686,0.714,0.817,0.898,0.947,1.000,1.411,1.734,2.269,85.052,117.554,151.905,309.716,478.631,769.647,745.516,2635.857,5272.201,12779.585,0.007,0.009,0.011,0.017,0.020,0.020,0.023,0.030,0.033,0.036,0.022,0.025,0.027,0.035,0.040,0.043,0.046,0.070,0.089,0.121
