YEAR,MONTH,DAY,TEMPERATURE_AVG,RADIATION
2009,01,01,-0.8,1220
2009,01,02,0.2,2240
2009,01,03,-2.9,2405
2009,01,04,-1.1,1769
2009,01,05,0.8,1724
2009,01,06,-4,3821
2009,01,07,-2.8,3185
2009,01,08,-1.5,1695
2009,01,09,-5.5,4006
2009,01,10,-5.6,4471
2009,01,11,-1.1,4446
2009,01,12,2.8,2416
2009,01,13,4.9,1155
2009,01,14,3.3,1988
2009,01,15,3.1,2711
2009,01,16,2.4,2372
2009,01,17,6.2,3282
2009,01,18,6.8,2310
2009,01,19,6.6,2841
2009,01,20,3.9,3800
2009,01,21,2.5,2264
2009,01,22,5.1,2631
2009,01,23,7.4,2523
2009,01,24,2.2,3962
2009,01,25,0.5,3781
2009,01,26,4.9,3182
2009,01,27,1.8,3803
2009,01,28,-2,2739
2009,01,29,0,5110
2009,01,30,-0.9,6480
2009,01,31,0.7,5620
2009,02,01,-0.7,4377
2009,02,02,0.4,2233
2009,02,03,1,4008
2009,02,04,-1.8,5050
2009,02,05,4,3814
2009,02,06,5.7,5545
2009,02,07,3.4,2181
2009,02,08,3,3864
2009,02,09,3.4,2751
2009,02,10,4.6,3337
2009,02,11,3.1,4606
2009,02,12,0.9,5052
2009,02,13,2.2,3523
2009,02,14,1.8,7093
2009,02,15,1.9,4862
2009,02,16,6.2,4111
2009,02,17,5.2,3254
2009,02,18,2.7,3643
2009,02,19,1.8,5162
2009,02,20,5.9,3979
2009,02,21,6.3,5554
2009,02,22,6.9,3518
2009,02,23,6.2,3065
2009,02,24,4.5,6087
2009,02,25,4,5730
2009,02,26,7.9,4673
2009,02,27,8.1,3756
2009,02,28,7,7224
2009,03,01,7.2,6216
2009,03,02,6.4,8982
2009,03,03,6.5,4788
2009,03,04,5,3882
2009,03,05,3.2,9667
2009,03,06,5.3,9265
2009,03,07,5.3,7338
2009,03,08,8.1,8378
2009,03,09,5.6,10203
2009,03,10,8,5532
2009,03,11,6.7,10682
2009,03,12,8.9,5874
2009,03,13,8.8,7240
2009,03,14,9.2,6479
2009,03,15,9,9904
2009,03,16,8.5,13769
2009,03,17,8.6,11888
2009,03,18,8.6,14250
2009,03,19,7.8,11515
2009,03,20,6.5,14578
2009,03,21,5.5,15166
2009,03,22,7.4,11797
2009,03,23,8.9,6985
2009,03,24,5.9,7230
2009,03,25,7.5,8319
2009,03,26,7.8,6785
2009,03,27,8,9214
2009,03,28,6.5,7985
2009,03,29,6.4,11638
2009,03,30,6.8,14296
2009,03,31,6.9,17551
2009,04,01,9.9,16568
2009,04,02,11.5,16883
2009,04,03,8.6,8223
2009,04,04,9.9,7864
2009,04,05,9.8,13554
2009,04,06,12.1,17014
2009,04,07,11.2,11111
2009,04,08,10.2,10921
2009,04,09,12,12286
2009,04,10,16.1,15515
2009,04,11,15,15597
2009,04,12,13.4,9553
2009,04,13,11.4,11580
2009,04,14,13.6,13234
2009,04,15,17.1,16045
2009,04,16,13,7994
2009,04,17,10,3899
2009,04,18,11.8,12303
2009,04,19,12.3,14228
2009,04,20,11.2,15004
2009,04,21,11.3,14120
2009,04,22,10.6,16717
2009,04,23,10,22692
2009,04,24,12,22371
2009,04,25,11.4,15609
2009,04,26,12.1,11682
2009,04,27,11.9,13876
2009,04,28,10.3,13914
2009,04,29,10.6,18445
2009,04,30,12.3,23724
2009,05,01,14.8,20373
2009,05,02,11.9,14159
2009,05,03,10.9,15629
2009,05,04,9.3,17577
2009,05,05,13,11906
2009,05,06,14.1,14315
2009,05,07,14.2,16583
2009,05,08,12.7,17992
2009,05,09,11.9,17907
2009,05,10,12.6,22034
2009,05,11,14.5,17246
2009,05,12,11.4,13223
2009,05,13,14.6,9789
2009,05,14,15.5,11506
2009,05,15,15,11376
2009,05,16,12.6,15455
2009,05,17,13.8,13376
2009,05,18,13.3,18764
2009,05,19,13.9,20007
2009,05,20,14.8,21460
2009,05,21,15.5,19096
2009,05,22,13.4,23027
2009,05,23,14.7,23168
2009,05,24,17.5,24141
2009,05,25,19.8,20522
2009,05,26,15.5,9120
2009,05,27,11.2,13618
2009,05,28,15.3,17160
2009,05,29,16.8,25198
2009,05,30,17,26254
2009,05,31,17.1,25596
2009,06,01,19.2,23699
2009,06,02,16.2,22096
2009,06,03,13.8,15362
2009,06,04,12.3,16046
2009,06,05,10.6,13679
2009,06,06,12.7,16449
2009,06,07,13.9,16418
2009,06,08,12.4,18454
2009,06,09,15.3,12887
2009,06,10,14.6,10846
2009,06,11,14.5,17409
2009,06,12,14,21950
2009,06,13,17.6,21789
2009,06,14,17.9,15584
2009,06,15,16.8,14694
2009,06,16,15.8,21606
2009,06,17,17.5,24365
2009,06,18,18.3,19614
2009,06,19,16.3,20789
2009,06,20,15.8,14093
2009,06,21,15.7,13411
2009,06,22,14.3,23497
2009,06,23,15.7,26365
2009,06,24,18.7,25603
2009,06,25,20.6,23463
2009,06,26,21.3,18331
2009,06,27,19.7,17134
2009,06,28,19.1,22079
2009,06,29,20.2,19544
2009,06,30,20.2,22904
2009,07,01,20.3,20254
2009,07,02,22.3,23896
2009,07,03,21.4,14604
2009,07,04,19.4,25500
2009,07,05,20.2,19100
2009,07,06,18.4,18749
2009,07,07,16.6,13023
2009,07,08,16.7,11748
2009,07,09,16,16724
2009,07,10,15.9,18632
2009,07,11,16.8,13871
2009,07,12,18.8,18326
2009,07,13,18.2,22179
2009,07,14,19.6,19847
2009,07,15,19,20495
2009,07,16,19.6,22571
2009,07,17,19.1,13724
2009,07,18,17.4,16595
2009,07,19,17.4,16534
2009,07,20,17.4,19195
2009,07,21,22.5,20132
2009,07,22,21.2,14135
2009,07,23,18.2,15117
2009,07,24,17.4,15764
2009,07,25,17.8,20354
2009,07,26,18.4,21252
2009,07,27,17.1,16261
2009,07,28,17.4,20426
2009,07,29,19.9,19680
2009,07,30,17.5,18997
2009,07,31,16.4,19157
2009,08,01,21,19196
2009,08,02,18.6,15640
2009,08,03,16.2,20729
2009,08,04,19.9,23013
2009,08,05,20.7,18422
2009,08,06,21.6,24049
2009,08,07,20.3,13446
2009,08,08,18.7,14374
2009,08,09,17.8,18201
2009,08,10,18.6,19227
2009,08,11,19.6,14678
2009,08,12,19.9,16521
2009,08,13,19.5,12502
2009,08,14,17.9,18764
2009,08,15,20.7,22597
2009,08,16,19.7,16582
2009,08,17,18.1,16386
2009,08,18,18.9,21674
2009,08,19,22.6,23472
2009,08,20,24.8,17379
2009,08,21,17.7,16802
2009,08,22,16.9,18235
2009,08,23,19.8,22360
2009,08,24,20.7,18811
2009,08,25,18.9,12686
2009,08,26,18.5,17949
2009,08,27,20.4,12302
2009,08,28,17.6,14514
2009,08,29,16.3,17548
2009,08,30,15.4,15373
2009,08,31,20.3,20412
2009,09,01,19.4,10113
2009,09,02,17.4,11194
2009,09,03,16.5,10212
2009,09,04,14.6,11978
2009,09,05,16.1,12985
2009,09,06,16.2,10918
2009,09,07,18.4,17727
2009,09,08,21.3,18490
2009,09,09,17.7,7614
2009,09,10,17.7,12350
2009,09,11,16.3,13903
2009,09,12,16.5,13152
2009,09,13,13.4,7843
2009,09,14,16.1,11110
2009,09,15,16,10103
2009,09,16,16.3,6945
2009,09,17,16,12586
2009,09,18,16.8,14986
2009,09,19,18.6,14884
2009,09,20,18.7,9352
2009,09,21,16.2,11774
2009,09,22,16.8,13369
2009,09,23,16.1,7553
2009,09,24,17.1,8974
2009,09,25,13.2,13679
2009,09,26,13.6,13874
2009,09,27,14.6,12635
2009,09,28,13.6,9412
2009,09,29,16.7,8510
2009,09,30,16.1,8762
2009,10,01,14.8,7286
2009,10,02,11.6,9348
2009,10,03,12.8,6536
2009,10,04,14.4,6535
2009,10,05,13,2981
2009,10,06,15.9,6457
2009,10,07,18.8,4441
2009,10,08,14.3,6559
2009,10,09,12,7266
2009,10,10,14.8,6448
2009,10,11,13.8,5418
2009,10,12,13.9,7055
2009,10,13,11.5,4864
2009,10,14,8.9,8868
2009,10,15,7.1,9203
2009,10,16,10.4,5950
2009,10,17,10.6,6147
2009,10,18,8,7259
2009,10,19,9.7,5631
2009,10,20,8.8,7284
2009,10,21,13.5,3730
2009,10,22,11.5,4602
2009,10,23,11.3,7538
2009,10,24,13,5072
2009,10,25,13.9,6534
2009,10,26,13.6,5705
2009,10,27,11.7,6079
2009,10,28,12,6451
2009,10,29,13.3,4068
2009,10,30,10.9,6378
2009,10,31,11.7,4476
2009,11,01,13.7,3099
2009,11,02,10.9,4479
2009,11,03,9.4,4026
2009,11,04,8.7,4021
2009,11,05,9.5,3935
2009,11,06,9,3308
2009,11,07,8.5,4077
2009,11,08,6.3,4042
2009,11,09,6.6,4781
2009,11,10,8.2,4144
2009,11,11,7.9,2308
2009,11,12,8.8,4810
2009,11,13,13.7,3778
2009,11,14,14,3169
2009,11,15,11.5,3182
2009,11,16,11.7,3713
2009,11,17,10.7,2122
2009,11,18,11,2870
2009,11,19,10.9,4475
2009,11,20,12.4,3226
2009,11,21,14.1,3778
2009,11,22,12.1,3176
2009,11,23,10.7,2459
2009,11,24,11.1,2488
2009,11,25,11.4,1748
2009,11,26,9.1,2367
2009,11,27,6.9,1880
2009,11,28,7.7,2318
2009,11,29,9.5,2000
2009,11,30,5.9,2050
2009,12,01,7.2,2189
2009,12,02,5.3,1608
2009,12,03,8.4,1913
2009,12,04,5.5,2910
2009,12,05,7.2,2531
2009,12,06,10.9,2152
2009,12,07,7.6,1809
2009,12,08,8.2,2458
2009,12,09,8.4,2206
2009,12,10,10.4,2247
2009,12,11,7.9,2139
2009,12,12,4.6,2500
2009,12,13,2.5,2270
2009,12,14,-0.4,3286
2009,12,15,-2.2,3760
2009,12,16,-2.1,2386
2009,12,17,-0.2,1169
2009,12,18,-1.7,2867
2009,12,19,-4.3,2946
2009,12,20,-1.5,2800
2009,12,21,-1.7,2236
2009,12,22,1.4,1865
2009,12,23,0.3,1993
2009,12,24,0.6,1473
2009,12,25,3.4,2227
2009,12,26,4,3755
2009,12,27,5.1,1882
2009,12,28,4.4,2640
2009,12,29,0.7,1357
2009,12,30,5.4,1838
2009,12,31,1,1150
2010,01,01,1.4,2915
2010,01,02,-0.2,2149
2010,01,03,-0.2,3026
2010,01,04,-2.8,2147
2010,01,05,-1.4,3232
2010,01,06,-3.8,1912
2010,01,07,-3.5,2045
2010,01,08,-4.7,2576
2010,01,09,-2.5,2129
2010,01,10,-0.3,1244
2010,01,11,-1,1851
2010,01,12,-0.3,1502
2010,01,13,-0.6,1140
2010,01,14,1.9,2744
2010,01,15,1,2249
2010,01,16,1.8,1551
2010,01,17,5.3,4233
2010,01,18,4.7,3067
2010,01,19,4.8,1666
2010,01,20,2,1648
2010,01,21,2.8,1751
2010,01,22,3.1,2150
2010,01,23,3.4,983
2010,01,24,3.6,1393
2010,01,25,2.4,1331
2010,01,26,-1.5,2495
2010,01,27,-1.6,4050
2010,01,28,3.8,2708
2010,01,29,3.6,2126
2010,01,30,1.3,3893
2010,01,31,1,5108
2010,02,01,1.8,5020
2010,02,02,3.1,3652
2010,02,03,3.6,2095
2010,02,04,6.3,4082
2010,02,05,7,3800
2010,02,06,3.2,4054
2010,02,07,3,2019
2010,02,08,2,1470
2010,02,09,-2,4323
2010,02,10,-1.7,3429
2010,02,11,-1.4,3738
2010,02,12,-1.6,7174
2010,02,13,-1.3,4295
2010,02,14,-0.9,4544
2010,02,15,-1.9,2938
2010,02,16,0.1,6059
2010,02,17,-1,5029
2010,02,18,3.1,4304
2010,02,19,3.7,2803
2010,02,20,2.3,6356
2010,02,21,2.8,4308
2010,02,22,6,4846
2010,02,23,3.7,3054
2010,02,24,7.7,6708
2010,02,25,9.2,4414
2010,02,26,8.4,3040
2010,02,27,7.6,5579
2010,02,28,8.4,4508
2010,03,01,5.3,8763
2010,03,02,3.6,10781
2010,03,03,2.5,6277
2010,03,04,3.2,9680
2010,03,05,2.1,6798
2010,03,06,3.5,6484
2010,03,07,-0.1,11251
2010,03,08,0.3,7650
2010,03,09,0.9,11689
2010,03,10,2.5,11752
2010,03,11,2.4,7201
2010,03,12,3.3,5808
2010,03,13,5.1,5968
2010,03,14,6.7,5960
2010,03,15,7.6,10002
2010,03,16,8.1,9755
2010,03,17,8.2,10731
2010,03,18,10.7,11520
2010,03,19,14.1,6198
2010,03,20,14.8,7135
2010,03,21,8.3,5669
2010,03,22,7.8,9876
2010,03,23,10.6,8053
2010,03,24,12.7,11338
2010,03,25,14.2,9266
2010,03,26,11.1,9177
2010,03,27,9.1,10365
2010,03,28,9.2,8977
2010,03,29,12,8893
2010,03,30,11.2,8822
2010,03,31,6.5,8214
2010,04,01,6,13166
2010,04,02,6.7,10918
2010,04,03,8.5,9917
2010,04,04,8.1,9077
2010,04,05,7.6,12380
2010,04,06,10.6,17862
2010,04,07,11.2,12469
2010,04,08,9.4,13592
2010,04,09,9.1,17003
2010,04,10,8.4,13562
2010,04,11,6.9,14476
2010,04,12,8.5,15458
2010,04,13,10.3,16139
2010,04,14,8.6,14574
2010,04,15,9.6,18914
2010,04,16,7.6,13023
2010,04,17,8.2,21360
2010,04,18,9.3,21408
2010,04,19,9.4,18665
2010,04,20,8.8,18736
2010,04,21,7.8,15603
2010,04,22,6.1,19953
2010,04,23,8.4,20541
2010,04,24,11.7,22525
2010,04,25,13.5,18276
2010,04,26,11.1,12452
2010,04,27,11.7,20839
2010,04,28,14.7,20837
2010,04,29,18.4,17513
2010,04,30,12.9,14725
2010,05,01,10.9,13262
2010,05,02,11.1,8958
2010,05,03,7.1,10394
2010,05,04,8,12641
2010,05,05,8,14388
2010,05,06,9.3,16556
2010,05,07,8.8,13488
2010,05,08,8.2,12185
2010,05,09,10,12610
2010,05,10,9.4,16164
2010,05,11,8.1,11982
2010,05,12,7.3,12055
2010,05,13,8.8,13740
2010,05,14,8.2,21867
2010,05,15,9.3,21704
2010,05,16,12.5,18253
2010,05,17,13.2,19115
2010,05,18,10.3,22918
2010,05,19,10.4,26102
2010,05,20,12.5,24110
2010,05,21,14.6,24326
2010,05,22,13.7,21567
2010,05,23,16.9,26920
2010,05,24,18.5,23842
2010,05,25,16.8,22566
2010,05,26,10.8,11247
2010,05,27,12.6,14298
2010,05,28,12.6,23660
2010,05,29,14.2,19034
2010,05,30,15.4,14982
2010,05,31,11.6,8895
2010,06,01,11.9,11927
2010,06,02,14.2,22739
2010,06,03,15.7,27597
2010,06,04,18.2,25924
2010,06,05,19.4,26560
2010,06,06,18.4,16362
2010,06,07,16.1,17774
2010,06,08,17.7,17241
2010,06,09,16.9,12727
2010,06,10,17.1,9371
2010,06,11,16.9,9577
2010,06,12,14.8,19057
2010,06,13,13,17332
2010,06,14,16.2,16440
2010,06,15,15.1,19292
2010,06,16,14.9,24781
2010,06,17,17.4,20996
2010,06,18,14.6,14198
2010,06,19,13.1,13916
2010,06,20,12.1,14107
2010,06,21,13.9,17628
2010,06,22,15.2,28519
2010,06,23,18.1,25885
2010,06,24,18.5,25565
2010,06,25,18.7,24334
2010,06,26,20.7,23443
2010,06,27,21.9,25390
2010,06,28,21.4,25815
2010,06,29,19.6,24027
2010,06,30,20.9,24165
2010,07,01,21.7,25628
2010,07,02,25,24759
2010,07,03,20.1,14374
2010,07,04,18.8,26164
2010,07,05,18.7,16779
2010,07,06,17.3,22055
2010,07,07,19.1,26226
2010,07,08,21.7,26333
2010,07,09,24.3,21129
2010,07,10,22.4,17873
2010,07,11,22.6,21953
2010,07,12,21.2,18554
2010,07,13,20.5,20145
2010,07,14,21.1,17638
2010,07,15,19.1,20051
2010,07,16,19.3,13710
2010,07,17,17.6,19843
2010,07,18,17,26654
2010,07,19,19.8,26493
2010,07,20,23,21448
2010,07,21,21.1,15642
2010,07,22,18.2,19031
2010,07,23,17.3,15616
2010,07,24,17.1,20780
2010,07,25,17.4,13904
2010,07,26,19.1,12649
2010,07,27,19.3,13751
2010,07,28,20.2,16753
2010,07,29,17.8,12276
2010,07,30,18.7,20845
2010,07,31,20.1,12595
2010,08,01,18.2,15808
2010,08,02,18.6,13402
2010,08,03,17.2,20454
2010,08,04,18.1,14154
2010,08,05,16.5,16559
2010,08,06,18.4,18531
2010,08,07,20.2,11471
2010,08,08,17.8,15703
2010,08,09,17.4,20112
2010,08,10,17.3,15028
2010,08,11,19.3,15737
2010,08,12,16.8,15114
2010,08,13,15.4,16386
2010,08,14,15.3,18786
2010,08,15,17.4,6615
2010,08,16,15.8,6255
2010,08,17,15.8,9988
2010,08,18,17.8,11678
2010,08,19,17.6,15920
2010,08,20,21.1,21423
2010,08,21,21.5,14108
2010,08,22,20.2,11099
2010,08,23,20.2,9908
2010,08,24,16.1,17848
2010,08,25,15.8,11069
2010,08,26,19.3,10531
2010,08,27,17.1,6837
2010,08,28,14.2,14598
2010,08,29,15.1,11193
2010,08,30,15.2,13866
2010,08,31,14.2,14410
2010,09,01,13.9,16189
2010,09,02,14.6,15127
2010,09,03,14.4,15298
2010,09,04,14.9,15467
2010,09,05,15.6,15482
2010,09,06,15.6,13487
2010,09,07,17.7,12328
2010,09,08,15.2,5699
2010,09,09,17.4,12200
2010,09,10,16.5,8650
2010,09,11,18.1,13697
2010,09,12,16.7,11020
2010,09,13,15.4,12417
2010,09,14,16.9,5254
2010,09,15,14.7,11951
2010,09,16,14.4,10220
2010,09,17,12.5,10790
2010,09,18,12.4,11964
2010,09,19,13.9,9706
2010,09,20,15.4,11036
2010,09,21,15.8,11966
2010,09,22,16,15022
2010,09,23,16.4,8225
2010,09,24,15,8855
2010,09,25,12,7838
2010,09,26,12.6,7871
2010,09,27,10.5,8018
2010,09,28,13.5,5116
2010,09,29,15.1,5264
2010,09,30,15.1,7523
2010,10,01,13.2,9022
2010,10,02,15.7,5169
2010,10,03,18.8,9074
2010,10,04,18.5,9392
2010,10,05,16.3,6714
2010,10,06,16.3,4407
2010,10,07,13.2,7001
2010,10,08,16.1,9684
2010,10,09,15.6,10649
2010,10,10,14.4,11317
2010,10,11,12,10431
2010,10,12,11,8747
2010,10,13,9.8,5514
2010,10,14,10,5139
2010,10,15,11.9,4207
2010,10,16,10.6,6617
2010,10,17,7.8,8674
2010,10,18,7.7,8059
2010,10,19,11,4360
2010,10,20,8.5,4939
2010,10,21,6.6,8450
2010,10,22,8.6,5785
2010,10,23,7.7,4028
2010,10,24,8.6,5738
2010,10,25,7.5,6986
2010,10,26,5.6,4989
2010,10,27,9.2,3993
2010,10,28,11.4,4851
2010,10,29,11.6,4894
2010,10,30,13,4929
2010,10,31,11.2,4947
2010,11,01,9.8,4125
2010,11,02,10.5,3799
2010,11,03,14,3365
2010,11,04,15.5,2583
2010,11,05,14.6,1789
2010,11,06,11.4,2901
2010,11,07,7.6,3370
2010,11,08,5.4,2413
2010,11,09,6.8,3159
2010,11,10,7.6,3127
2010,11,11,7.4,3990
2010,11,12,12,2587
2010,11,13,12.5,1076
2010,11,14,11.7,2195
2010,11,15,8.4,4812
2010,11,16,4.1,3735
2010,11,17,4.7,2543
2010,11,18,6.1,2421
2010,11,19,7.6,2966
2010,11,20,7.4,2912
2010,11,21,4.9,2579
2010,11,22,4.7,1879
2010,11,23,4.3,2443
2010,11,24,5.3,2846
2010,11,25,2.8,2310
2010,11,26,1.6,2249
2010,11,27,0.3,2719
2010,11,28,-1.7,3291
2010,11,29,-1.8,1473
2010,11,30,-1.2,1355
2010,12,01,-3.4,651
2010,12,02,-5.5,1659
2010,12,03,-6.6,2608
2010,12,04,-2.8,2657
2010,12,05,2.5,1838
2010,12,06,0.6,2067
2010,12,07,-1.2,1791
2010,12,08,0.5,2222
2010,12,09,2.1,2767
2010,12,10,4.1,1826
2010,12,11,6.3,1170
2010,12,12,5.9,2252
2010,12,13,0.6,3485
2010,12,14,-0.2,2393
2010,12,15,0.4,2430
2010,12,16,3.5,1895
2010,12,17,-0.8,2070
2010,12,18,-4,2403
2010,12,19,-1.9,1489
2010,12,20,-2,2967
2010,12,21,-1.4,1763
2010,12,22,0.9,924
2010,12,23,0.7,1286
2010,12,24,0.7,1355
2010,12,25,0.3,3002
2010,12,26,0.9,1738
2010,12,27,-0.8,1156
2010,12,28,0,1228
2010,12,29,2.2,1512
2010,12,30,2.6,863
2010,12,31,1.5,1583
2011,01,01,4,1314
2011,01,02,3.3,1853
2011,01,03,2.4,1372
2011,01,04,1,1979
2011,01,05,1.5,3048
2011,01,06,6.9,2228
2011,01,07,7.6,2189
2011,01,08,10.3,1425
2011,01,09,5,3571
2011,01,10,1.7,2844
2011,01,11,4.7,2498
2011,01,12,7.6,2173
2011,01,13,11.3,1151
2011,01,14,11.4,731
2011,01,15,9.4,1538
2011,01,16,10.6,3714
2011,01,17,8.3,2241
2011,01,18,7.4,1967
2011,01,19,4,2623
2011,01,20,3.8,3101
2011,01,21,2.5,3634
2011,01,22,4.4,2352
2011,01,23,5,1774
2011,01,24,6.2,2319
2011,01,25,4.8,2746
2011,01,26,4.8,2354
2011,01,27,1.6,3226
2011,01,28,-0.5,4945
2011,01,29,-0.5,5222
2011,01,30,-1.7,4488
2011,01,31,-1.5,1644
2011,02,01,-0.5,3107
2011,02,02,3.3,2487
2011,02,03,7,5826
2011,02,04,8,3059
2011,02,05,11,1949
2011,02,06,10.6,1771
2011,02,07,8.8,3834
2011,02,08,7.1,6947
2011,02,09,4.2,3910
2011,02,10,8.1,3462
2011,02,11,11.8,4457
2011,02,12,9.9,2447
2011,02,13,5.3,3128
2011,02,14,8,3622
2011,02,15,5.1,4164
2011,02,16,5.4,5248
2011,02,17,6.1,7915
2011,02,18,1.8,3198
2011,02,19,3.4,3068
2011,02,20,4.5,2078
2011,02,21,3.4,3353
2011,02,22,1.9,8659
2011,02,23,1.2,4153
2011,02,24,7,6414
2011,02,25,9.5,5391
2011,02,26,9.6,2175
2011,02,27,6.7,5590
2011,02,28,3.6,3259
2011,03,01,5.1,4932
2011,03,02,4.8,8427
2011,03,03,3.4,8747
2011,03,04,3.5,10465
2011,03,05,3,5287
2011,03,06,4.2,9991
2011,03,07,3.8,12085
2011,03,08,5.4,12661
2011,03,09,7.4,6612
2011,03,10,7.3,6162
2011,03,11,9.1,9340
2011,03,12,9.4,8293
2011,03,13,10.7,6250
2011,03,14,9.2,4591
2011,03,15,11,12395
2011,03,16,10.1,11080
2011,03,17,5.6,3504
2011,03,18,7,6189
2011,03,19,7.1,11950
2011,03,20,5.6,12331
2011,03,21,6.9,15667
2011,03,22,8.1,15450
2011,03,23,9.5,15991
2011,03,24,10.9,15150
2011,03,25,10.4,15371
2011,03,26,9,8842
2011,03,27,10.1,10350
2011,03,28,8.3,14072
2011,03,29,9.1,16046
2011,03,30,11.4,8006
2011,03,31,12.2,6296
2011,04,01,14.6,11012
2011,04,02,16.4,15407
2011,04,03,12.1,8974
2011,04,04,10.4,12955
2011,04,05,9.4,7352
2011,04,06,15.7,16620
2011,04,07,14.1,16658
2011,04,08,12.3,17601
2011,04,09,11,19276
2011,04,10,13.8,19017
2011,04,11,13.7,19375
2011,04,12,9.6,13884
2011,04,13,8.9,14452
2011,04,14,9.3,9248
2011,04,15,11.9,11258
2011,04,16,10.7,13323
2011,04,17,11.1,18923
2011,04,18,13.6,18957
2011,04,19,16.7,22532
2011,04,20,17,22281
2011,04,21,16.6,21045
2011,04,22,19.1,22227
2011,04,23,18.1,22337
2011,04,24,18.5,18779
2011,04,25,15.3,21497
2011,04,26,13.6,16219
2011,04,27,11.7,13918
2011,04,28,11.6,12014
2011,04,29,14.4,17443
2011,04,30,16.8,19819
2011,05,01,15.8,21694
2011,05,02,13.3,20852
2011,05,03,10.3,21351
2011,05,04,10.3,22978
2011,05,05,12.6,22247
2011,05,06,16,20827
2011,05,07,18.6,21082
2011,05,08,20.5,13815
2011,05,09,17.1,20151
2011,05,10,17.1,20509
2011,05,11,14.1,21063
2011,05,12,13.7,18973
2011,05,13,13.2,20989
2011,05,14,12.6,18459
2011,05,15,12.9,11824
2011,05,16,13,11813
2011,05,17,14.8,16893
2011,05,18,15.1,16414
2011,05,19,14.6,13928
2011,05,20,14.1,21594
2011,05,21,14.6,25279
2011,05,22,15.6,18481
2011,05,23,16.3,26308
2011,05,24,14.2,23027
2011,05,25,15,27718
2011,05,26,14.8,12032
2011,05,27,13,13773
2011,05,28,12.3,18194
2011,05,29,16.6,19344
2011,05,30,18.3,23004
2011,05,31,13.6,17012
2011,06,01,12.8,26881
2011,06,02,14.9,26663
2011,06,03,19.4,24938
2011,06,04,22.1,24214
2011,06,05,19.3,14388
2011,06,06,16.3,6992
2011,06,07,14.3,13312
2011,06,08,13.8,22906
2011,06,09,13.9,22999
2011,06,10,14,14925
2011,06,11,12,18484
2011,06,12,12.6,19883
2011,06,13,16.7,14953
2011,06,14,17,20410
2011,06,15,17.7,16873
2011,06,16,16.3,15098
2011,06,17,13.1,15088
2011,06,18,14.9,15148
2011,06,19,15.2,18107
2011,06,20,13.4,12946
2011,06,21,18,15287
2011,06,22,16.6,14147
2011,06,23,16,17876
2011,06,24,15.3,19345
2011,06,25,15,13800
2011,06,26,20,22427
2011,06,27,25.5,28907
2011,06,28,26.2,21048
2011,06,29,17.6,19938
2011,06,30,15,20185
2011,07,01,15.2,23359
2011,07,02,13.9,26050
2011,07,03,14.8,28278
2011,07,04,16.1,26465
2011,07,05,20.1,26187
2011,07,06,18.4,17171
2011,07,07,17.7,18109
2011,07,08,17.3,17610
2011,07,09,17.5,18099
2011,07,10,15.7,20191
2011,07,11,16.8,22146
2011,07,12,19,15457
2011,07,13,14.8,8095
2011,07,14,14.1,10226
2011,07,15,17.3,23400
2011,07,16,15.9,10460
2011,07,17,15.1,15304
2011,07,18,15.6,11279
2011,07,19,14.7,17304
2011,07,20,15,13584
2011,07,21,17,12921
2011,07,22,16.4,14524
2011,07,23,13.7,15854
2011,07,24,16.3,16610
2011,07,25,16.2,13636
2011,07,26,15,8639
2011,07,27,15.9,9995
2011,07,28,16.8,10417
2011,07,29,17.5,15268
2011,07,30,15.3,11199
2011,07,31,16.4,19870
2011,08,01,17.2,26144
2011,08,02,19.2,20803
2011,08,03,20.7,15135
2011,08,04,19.8,18325
2011,08,05,18.5,15466
2011,08,06,18.3,9196
2011,08,07,16.2,16594
2011,08,08,16.1,14778
2011,08,09,16.3,17589
2011,08,10,16.1,20782
2011,08,11,18.8,15354
2011,08,12,18.8,12776
2011,08,13,18.3,8561
2011,08,14,17.6,12407
2011,08,15,16.5,17430
2011,08,16,18.6,16849
2011,08,17,17,16228
2011,08,18,17.4,11490
2011,08,19,18.1,13965
2011,08,20,17.9,20737
2011,08,21,21.7,13783
2011,08,22,17.7,9628
2011,08,23,19.7,11738
2011,08,24,18.3,9909
2011,08,25,17.1,17138
2011,08,26,17.6,7685
2011,08,27,15.3,14747
2011,08,28,15.3,11835
2011,08,29,14.7,13787
2011,08,30,15.2,11415
2011,08,31,14,14167
2011,09,01,15.7,20725
2011,09,02,19.5,18598
2011,09,03,21.4,18690
2011,09,04,19,9511
2011,09,05,15.5,13011
2011,09,06,15.9,7140
2011,09,07,15.6,10857
2011,09,08,15.3,6102
2011,09,09,18.5,8439
2011,09,10,21.3,12508
2011,09,11,17.3,8577
2011,09,12,18.3,10902
2011,09,13,16.2,11862
2011,09,14,14.1,14079
2011,09,15,13.9,12856
2011,09,16,15.3,13027
2011,09,17,14.7,6773
2011,09,18,12.8,11602
2011,09,19,12.9,13173
2011,09,20,15.1,7849
2011,09,21,16.1,7293
2011,09,22,14.9,9357
2011,09,23,14.2,11642
2011,09,24,13.9,14126
2011,09,25,16.8,13862
2011,09,26,18.3,12278
2011,09,27,18.1,11092
2011,09,28,18.9,14269
2011,09,29,19.4,14792
2011,09,30,18.9,14374
2011,10,01,19.3,14079
2011,10,02,18.7,13898
2011,10,03,19,13661
2011,10,04,17.4,6639
2011,10,05,17.6,4344
2011,10,06,16.2,4544
2011,10,07,12.2,7303
2011,10,08,11.5,4368
2011,10,09,14.3,5192
2011,10,10,17.5,6459
2011,10,11,16.5,5314
2011,10,12,16.5,4208
2011,10,13,14.3,7364
2011,10,14,10.6,10554
2011,10,15,9.2,10986
2011,10,16,9.4,10774
2011,10,17,12,7732
2011,10,18,11.3,4998
2011,10,19,9,7296
2011,10,20,8,6967
2011,10,21,8.2,9369
2011,10,22,5.4,7847
2011,10,23,10.2,9076
2011,10,24,10.9,8698
2011,10,25,12.8,4014
2011,10,26,11.9,7519
2011,10,27,12.5,5653
2011,10,28,14.3,6165
2011,10,29,15.4,4554
2011,10,30,12.8,3153
2011,10,31,14.7,5802
2011,11,01,13.3,4999
2011,11,02,11.5,4211
2011,11,03,15,2802
2011,11,04,15.6,5120
2011,11,05,13.7,3841
2011,11,06,13.1,1828
2011,11,07,11.2,266
2011,11,08,9.7,1926
2011,11,09,11.9,3137
2011,11,10,11,6237
2011,11,11,7.8,2067
2011,11,12,9.5,4476
2011,11,13,8.1,4214
2011,11,14,6.5,1725
2011,11,15,1.8,1917
2011,11,16,0.6,2152
2011,11,17,5.8,2736
2011,11,18,8.7,3480
2011,11,19,6.5,4129
2011,11,20,5.9,5798
2011,11,21,4.4,2835
2011,11,22,8.4,4672
2011,11,23,10,2318
2011,11,24,7.3,2769
2011,11,25,10.4,2893
2011,11,26,8.3,3572
2011,11,27,11.4,2762
2011,11,28,5.6,4239
2011,11,29,7.5,2651
2011,11,30,7.8,3806
2011,12,01,9.3,2955
2011,12,02,8.1,2971
2011,12,03,8.8,2686
2011,12,04,8.6,1118
2011,12,05,5.9,2725
2011,12,06,5.2,3319
2011,12,07,7,3175
2011,12,08,6.5,2661
2011,12,09,6.8,3371
2011,12,10,4,3613
2011,12,11,3.8,2842
2011,12,12,7,2992
2011,12,13,8.9,2431
2011,12,14,4.9,1372
2011,12,15,6,2575
2011,12,16,7.2,1527
2011,12,17,4.8,2222
2011,12,18,3.7,2600
2011,12,19,2.1,2144
2011,12,20,5.3,1896
2011,12,21,6,1196
2011,12,22,9.9,2619
2011,12,23,9.7,1444
2011,12,24,6.7,2599
2011,12,25,8.2,1931
2011,12,26,10.3,1143
2011,12,27,7.3,1137
2011,12,28,5.9,1845
2011,12,29,7,1901
2011,12,30,6.4,1597
2011,12,31,8.3,2092
2012,01,01,12.4,997
2012,01,02,8.2,2349
2012,01,03,8.4,2182
2012,01,04,7.4,2842
2012,01,05,9.6,2053
2012,01,06,6.7,2594
2012,01,07,6.7,3681
2012,01,08,7.5,2089
2012,01,09,9.2,2251
2012,01,10,9.2,1760
2012,01,11,9.7,2854
2012,01,12,8.7,2925
2012,01,13,5.4,2957
2012,01,14,4.2,3800
2012,01,15,2.3,4574
2012,01,16,1.6,4535
2012,01,17,1,4623
2012,01,18,2.1,2552
2012,01,19,8.5,2493
2012,01,20,6.5,1878
2012,01,21,8.6,2999
2012,01,22,8.1,4007
2012,01,23,6,3428
2012,01,24,3.5,2162
2012,01,25,5.8,1890
2012,01,26,8.1,2493
2012,01,27,5.3,5202
2012,01,28,3.9,2793
2012,01,29,1.2,1897
2012,01,30,-0.4,2075
2012,01,31,-0.2,3893
2012,02,01,-3.3,5740
2012,02,02,-4,6115
2012,02,03,-4.1,5861
2012,02,04,-8.3,6928
2012,02,05,-5.7,3213
2012,02,06,-1.5,5233
2012,02,07,-6.7,6449
2012,02,08,-3.5,5288
2012,02,09,-5,4991
2012,02,10,-3.5,7124
2012,02,11,-5.7,7323
2012,02,12,-4.6,5715
2012,02,13,2.1,3755
2012,02,14,4.6,4453
2012,02,15,6.1,3683
2012,02,16,6.3,3561
2012,02,17,6.9,5239
2012,02,18,8,3816
2012,02,19,3.9,7658
2012,02,20,2.5,9182
2012,02,21,5.1,6813
2012,02,22,5,6641
2012,02,23,9.7,5807
2012,02,24,10.5,4637
2012,02,25,8.3,5492
2012,02,26,5,6220
2012,02,27,4.7,5316
2012,02,28,9.5,3828
2012,02,29,9.2,3229
2012,03,01,9,3616
2012,03,02,8,2777
2012,03,03,10.4,6086
2012,03,04,7.7,5221
2012,03,05,3,3444
2012,03,06,4.8,7215
2012,03,07,4.6,5979
2012,03,08,5.9,10165
2012,03,09,6.2,6856
2012,03,10,10.2,7636
2012,03,11,10.6,9775
2012,03,12,8.9,10618
2012,03,13,7.9,6631
2012,03,14,9.1,7962
2012,03,15,10.7,14862
2012,03,16,10.1,8018
2012,03,17,8.5,5728
2012,03,18,8.7,9383
2012,03,19,7,13751
2012,03,20,7.6,12770
2012,03,21,8.8,15638
2012,03,22,11.9,15711
2012,03,23,13.3,15136
2012,03,24,11.1,14535
2012,03,25,9.7,11012
2012,03,26,11.2,16667
2012,03,27,11,16747
2012,03,28,10.9,17068
2012,03,29,9.5,14742
2012,03,30,7.3,8789
2012,03,31,7.9,6352
2012,04,01,5.8,15320
2012,04,02,7.2,17450
2012,04,03,8.8,15924
2012,04,04,8.5,11215
2012,04,05,7.7,3775
2012,04,06,6.5,13986
2012,04,07,7.4,8409
2012,04,08,7,9306
2012,04,09,9,6294
2012,04,10,10.2,7167
2012,04,11,7.9,13596
2012,04,12,7.3,12967
2012,04,13,6.9,14291
2012,04,14,6.8,15293
2012,04,15,7.4,11744
2012,04,16,6.2,14782
2012,04,17,4.2,12322
2012,04,18,7.8,13318
2012,04,19,9.1,11886
2012,04,20,9.7,15309
2012,04,21,7.9,12584
2012,04,22,9.1,15004
2012,04,23,8.9,13223
2012,04,24,8.8,12101
2012,04,25,8.5,10970
2012,04,26,12.5,15776
2012,04,27,12,15595
2012,04,28,10.5,3574
2012,04,29,14.1,14872
2012,04,30,13.7,18262
2012,05,01,15.1,14520
2012,05,02,9.2,6313
2012,05,03,10.7,8586
2012,05,04,10.7,10157
2012,05,05,8.5,5167
2012,05,06,9.5,11780
2012,05,07,11.2,17618
2012,05,08,14.4,12428
2012,05,09,16.4,11857
2012,05,10,19.4,12643
2012,05,11,14.4,9817
2012,05,12,10.1,19119
2012,05,13,9.2,24580
2012,05,14,10.8,23430
2012,05,15,9.4,13631
2012,05,16,9.2,21543
2012,05,17,9.2,17723
2012,05,18,13.3,12320
2012,05,19,14.2,21015
2012,05,20,12.6,9633
2012,05,21,11.8,7937
2012,05,22,14,16419
2012,05,23,15.6,18586
2012,05,24,18.4,24057
2012,05,25,19.4,27221
2012,05,26,18.8,27399
2012,05,27,19.7,27574
2012,05,28,18.7,25881
2012,05,29,17.9,24627
2012,05,30,16.4,23124
2012,05,31,16.8,13812
2012,06,01,17,13439
2012,06,02,15.5,17771
2012,06,03,11.4,6046
2012,06,04,11.9,9803
2012,06,05,11.2,21033
2012,06,06,15.4,16161
2012,06,07,16.4,17338
2012,06,08,15.5,17501
2012,06,09,13.7,19879
2012,06,10,13.3,19061
2012,06,11,14.5,9581
2012,06,12,13,13917
2012,06,13,13,15666
2012,06,14,13,26877
2012,06,15,16.6,13496
2012,06,16,17.1,18437
2012,06,17,16.7,19658
2012,06,18,15.4,15020
2012,06,19,14,24527
2012,06,20,17.1,25358
2012,06,21,19.9,16678
2012,06,22,15.1,18573
2012,06,23,15.2,21373
2012,06,24,15.2,11581
2012,06,25,16,20143
2012,06,26,17.6,22917
2012,06,27,19.8,17829
2012,06,28,24.4,23892
2012,06,29,19.6,18545
2012,06,30,18.9,16702
2012,07,01,15.6,22254
2012,07,02,16.7,23237
2012,07,03,18.6,13753
2012,07,04,22.1,21145
2012,07,05,20.1,13933
2012,07,06,17.9,18418
2012,07,07,17.4,17045
2012,07,08,17.6,12906
2012,07,09,16.8,13222
2012,07,10,16.2,12696
2012,07,11,16.2,17841
2012,07,12,15.7,20513
2012,07,13,16.4,16074
2012,07,14,15.7,11753
2012,07,15,15,14283
2012,07,16,14.5,11912
2012,07,17,17.6,13664
2012,07,18,16.9,13186
2012,07,19,17.5,15144
2012,07,20,16.3,14783
2012,07,21,16.3,15806
2012,07,22,15.9,25222
2012,07,23,19.5,26660
2012,07,24,20.5,26731
2012,07,25,20.6,25284
2012,07,26,21.1,21009
2012,07,27,20.8,14873
2012,07,28,19,12007
2012,07,29,16.2,17873
2012,07,30,15.5,19326
2012,07,31,16.2,11987
2012,08,01,19.6,19383
2012,08,02,18.9,17623
2012,08,03,18.5,16594
2012,08,04,18.4,16309
2012,08,05,18.9,16981
2012,08,06,17.6,14415
2012,08,07,16.3,14947
2012,08,08,16.6,11590
2012,08,09,19.3,16013
2012,08,10,17.6,22193
2012,08,11,18.1,22638
2012,08,12,20,20427
2012,08,13,19.6,15050
2012,08,14,19.3,13817
2012,08,15,23.3,18231
2012,08,16,19.2,18111
2012,08,17,23.7,18614
2012,08,18,26.1,22295
2012,08,19,23.8,17899
2012,08,20,21.1,16741
2012,08,21,20,14183
2012,08,22,18.2,16900
2012,08,23,17,18457
2012,08,24,19.1,14394
2012,08,25,17.9,10474
2012,08,26,17.7,11837
2012,08,27,17.7,18745
2012,08,28,19.5,13433
2012,08,29,17.6,16854
2012,08,30,16.6,14337
2012,08,31,15,11842
2012,09,01,13.3,16792
2012,09,02,16.9,12397
2012,09,03,19.3,10624
2012,09,04,18.4,16229
2012,09,05,17.8,11060
2012,09,06,15.5,14846
2012,09,07,17.1,19135
2012,09,08,17.7,17490
2012,09,09,19.8,19453
2012,09,10,20.3,13368
2012,09,11,17.8,9423
2012,09,12,13.7,12622
2012,09,13,15.3,10574
2012,09,14,15.2,9561
2012,09,15,15.3,13968
2012,09,16,15.2,14198
2012,09,17,15.9,7832
2012,09,18,15.1,10814
2012,09,19,11.9,12165
2012,09,20,12.4,11672
2012,09,21,11.9,9113
2012,09,22,12.4,11029
2012,09,23,11,6276
2012,09,24,15.3,8433
2012,09,25,14,9750
2012,09,26,14,8902
2012,09,27,13.9,8246
2012,09,28,14.1,10197
2012,09,29,13.5,10288
2012,09,30,11.5,12969
2012,10,01,13.7,8973
2012,10,02,15.3,6971
2012,10,03,14.3,5023
2012,10,04,12.9,9503
2012,10,05,14.1,6757
2012,10,06,14,4657
2012,10,07,10.8,8912
2012,10,08,9.6,6295
2012,10,09,12.8,7308
2012,10,10,9.9,10848
2012,10,11,10.2,7764
2012,10,12,13.5,3753
2012,10,13,9.6,5000
2012,10,14,8.6,8458
2012,10,15,10.1,6901
2012,10,16,12.4,7691
2012,10,17,11.5,5290
2012,10,18,13.8,4104
2012,10,19,15.8,5373
2012,10,20,14.1,3572
2012,10,21,13,2593
2012,10,22,16.4,6719
2012,10,23,14.6,7113
2012,10,24,14.2,6906
2012,10,25,12.4,2807
2012,10,26,8,2129
2012,10,27,5.3,5211
2012,10,28,5.5,6702
2012,10,29,8,3251
2012,10,30,9.3,4772
2012,10,31,8.5,6393
2012,11,01,9.2,3513
2012,11,02,6.8,4271
2012,11,03,7.8,4851
2012,11,04,7.1,4996
2012,11,05,6.6,3855
2012,11,06,6.8,5367
2012,11,07,10.3,3704
2012,11,08,10.5,2871
2012,11,09,10.2,3422
2012,11,10,10.3,3173
2012,11,11,7,4192
2012,11,12,6.2,3884
2012,11,13,8.9,2278
2012,11,14,9.1,4430
2012,11,15,4.3,3329
2012,11,16,4.2,1582
2012,11,17,6,2521
2012,11,18,9.1,2807
2012,11,19,5.6,2703
2012,11,20,10.5,3178
2012,11,21,8,2260
2012,11,22,7.9,4606
2012,11,23,7.5,1660
2012,11,24,7.4,2493
2012,11,25,10.5,3148
2012,11,26,8.7,2977
2012,11,27,8,1855
2012,11,28,6.7,2857
2012,11,29,5.8,2718
2012,11,30,4.3,2785
2012,12,01,2.7,2500
2012,12,02,4,2625
2012,12,03,4.8,3559
2012,12,04,4.6,2566
2012,12,05,2.3,2079
2012,12,06,2.3,2217
2012,12,07,2.3,2059
2012,12,08,2.4,2777
2012,12,09,4.3,3104
2012,12,10,5.5,1557
2012,12,11,1.7,2418
2012,12,12,0.3,2463
2012,12,13,-1.3,2206
2012,12,14,5.5,2573
2012,12,15,8.5,1934
2012,12,16,7.7,1847
2012,12,17,7.5,2156
2012,12,18,5.8,1510
2012,12,19,4.9,1945
2012,12,20,5.5,956
2012,12,21,8,2216
2012,12,22,8.4,2577
2012,12,23,12,1308
2012,12,24,10.5,1978
2012,12,25,9.4,2068
2012,12,26,7.9,2372
2012,12,27,8.6,1000
2012,12,28,7.8,1805
2012,12,29,10.7,1984
2012,12,30,7,2770
2012,12,31,9.7,1618
2013,01,01,8.7,1752
2013,01,02,6.4,2241
2013,01,03,9.3,2105
2013,01,04,9.6,122
2013,01,05,8.4,756
2013,01,06,7.4,2331
2013,01,07,6.9,421
2013,01,08,6.4,1410
2013,01,09,6.6,1221
2013,01,10,4.7,2587
2013,01,11,3.7,2011
2013,01,12,-0.1,2361
2013,01,13,0,1656
2013,01,14,-2.5,2668
2013,01,15,-0.1,2766
2013,01,16,-5.4,4849
2013,01,17,-7.2,3772
2013,01,18,-5.4,2963
2013,01,19,-2.1,1698
2013,01,20,-4.6,1022
2013,01,21,-1.8,3111
2013,01,22,-0.5,2567
2013,01,23,-4.5,2273
2013,01,24,-3.6,2664
2013,01,25,-6.5,3535
2013,01,26,-0.7,3618
2013,01,27,4.6,4619
2013,01,28,5.4,3710
2013,01,29,9.6,3808
2013,01,30,11.9,4208
2013,01,31,8.8,4428
2013,02,01,7.3,2266
2013,02,02,4.9,2492
2013,02,03,4.6,3760
2013,02,04,8.6,3567
2013,02,05,4.3,3245
2013,02,06,4.4,4153
2013,02,07,3.6,3895
2013,02,08,2.4,3777
2013,02,09,0,4568
2013,02,10,0.8,3912
2013,02,11,-0.5,2917
2013,02,12,-1.1,3734
2013,02,13,-1.1,5789
2013,02,14,0.5,4081
2013,02,15,4.7,6560
2013,02,16,6.4,4713
2013,02,17,3.3,5358
2013,02,18,3.1,6977
2013,02,19,2.6,7849
2013,02,20,2.3,6552
2013,02,21,-0.4,6042
2013,02,22,-1.4,5433
2013,02,23,-2,6102
2013,02,24,0.2,2676
2013,02,25,1.8,4020
2013,02,26,2.9,4307
2013,02,27,1.3,275
2013,02,28,1.4,2493
2013,03,01,3,4303
2013,03,02,2.7,2964
2013,03,03,4.2,6630
2013,03,04,5.1,11822
2013,03,05,9.1,10967
2013,03,06,10.8,9819
2013,03,07,9.7,5247
2013,03,08,9.3,7014
2013,03,09,6.9,3744
2013,03,10,2,3809
2013,03,11,-1.3,663
2013,03,12,-1.9,6690
2013,03,13,-2.4,10299
2013,03,14,0.1,9894
2013,03,15,1.3,8805
2013,03,16,5.4,6435
2013,03,17,6.4,8524
2013,03,18,4.1,8422
2013,03,19,4.9,7988
2013,03,20,2.6,5025
2013,03,21,3.6,8614
2013,03,22,3.7,9426
2013,03,23,1.5,3065
2013,03,24,-0.4,4776
2013,03,25,0.8,7103
2013,03,26,1.9,10475
2013,03,27,1.9,13213
2013,03,28,2.7,9847
2013,03,29,1.6,10803
2013,03,30,1.4,11047
2013,03,31,1.3,11208
2013,04,01,3.4,13235
2013,04,02,3.4,15496
2013,04,03,2.6,13249
2013,04,04,4.6,11439
2013,04,05,3.7,7633
2013,04,06,4.9,12074
2013,04,07,3.9,16830
2013,04,08,6,13259
2013,04,09,6.4,13113
2013,04,10,7.5,8552
2013,04,11,9.9,8952
2013,04,12,9.7,11212
2013,04,13,10.3,13409
2013,04,14,17.2,16279
2013,04,15,13.8,12059
2013,04,16,11.6,12919
2013,04,17,16.1,15591
2013,04,18,11.7,13924
2013,04,19,9,13606
2013,04,20,7.1,17358
2013,04,21,7,20711
2013,04,22,8.3,17846
2013,04,23,11.8,13574
2013,04,24,12.3,17772
2013,04,25,16.2,21396
2013,04,26,8.8,3925
2013,04,27,6.5,18445
2013,04,28,8.1,18920
2013,04,29,9,19264
2013,04,30,8.2,18467
2013,05,01,10.5,21421
2013,05,02,10.4,10022
2013,05,03,11.7,23004
2013,05,04,10.2,16187
2013,05,05,11.9,23772
2013,05,06,11.4,21110
2013,05,07,14.3,20908
2013,05,08,12.9,13339
2013,05,09,11.7,23766
2013,05,10,12,14512
2013,05,11,10.8,12876
2013,05,12,10.1,17386
2013,05,13,11.7,13322
2013,05,14,9.8,11107
2013,05,15,11.6,19497
2013,05,16,8.8,9634
2013,05,17,8.7,6871
2013,05,18,11.5,15307
2013,05,19,12.4,17698
2013,05,20,9.8,2510
2013,05,21,9.4,2688
2013,05,22,10.4,13224
2013,05,23,8.1,16771
2013,05,24,6.8,11239
2013,05,25,8.1,22365
2013,05,26,11.5,16990
2013,05,27,12,26544
2013,05,28,13.1,12867
2013,05,29,9.9,9951
2013,05,30,11.5,7453
2013,05,31,12.5,14583
2013,06,01,11.4,17591
2013,06,02,11.1,26504
2013,06,03,11.5,16447
2013,06,04,11.7,18195
2013,06,05,14.3,23907
2013,06,06,16.8,27149
2013,06,07,18.1,27253
2013,06,08,14.7,25115
2013,06,09,13.2,17891
2013,06,10,12.7,15110
2013,06,11,14.3,16950
2013,06,12,18.7,12327
2013,06,13,16.8,11612
2013,06,14,14.6,23094
2013,06,15,15.5,23540
2013,06,16,14.2,15887
2013,06,17,17.7,15750
2013,06,18,21.5,20532
2013,06,19,19.6,13164
2013,06,20,19.9,14558
2013,06,21,15.6,8238
2013,06,22,14.7,12260
2013,06,23,14.9,14833
2013,06,24,13.3,11673
2013,06,25,13.9,24485
2013,06,26,13.3,19283
2013,06,27,14.3,20032
2013,06,28,14.5,9132
2013,06,29,15.5,13090
2013,06,30,16,20359
2013,07,01,15.9,15890
2013,07,02,16,15698
2013,07,03,16.2,9703
2013,07,04,15.3,11754
2013,07,05,17.3,17052
2013,07,06,18.4,26447
2013,07,07,19.9,28160
2013,07,08,19.2,25338
2013,07,09,19.2,27603
2013,07,10,17.6,21004
2013,07,11,16.2,18833
2013,07,12,13.9,14507
2013,07,13,17.3,23052
2013,07,14,17.8,24920
2013,07,15,18.9,25184
2013,07,16,18.4,19711
2013,07,17,20.3,17631
2013,07,18,19.8,20750
2013,07,19,20.8,27062
2013,07,20,18.6,17398
2013,07,21,21.7,25451
2013,07,22,23.7,23636
2013,07,23,22.9,18646
2013,07,24,20.7,22871
2013,07,25,21.6,22309
2013,07,26,21.7,12883
2013,07,27,21.2,14343
2013,07,28,19.9,20888
2013,07,29,19.4,19480
2013,07,30,16.7,9532
2013,07,31,20.1,15299
2013,08,01,23.2,27066
2013,08,02,24.4,22672
2013,08,03,19.5,21447
2013,08,04,18.7,23484
2013,08,05,19.3,20282
2013,08,06,19.6,18636
2013,08,07,16.6,7331
2013,08,08,16.5,19417
2013,08,09,16.9,16419
2013,08,10,16.4,15432
2013,08,11,16.7,15690
2013,08,12,16.4,13690
2013,08,13,15.4,17362
2013,08,14,16.2,21049
2013,08,15,17.9,14104
2013,08,16,19.2,16209
2013,08,17,20.7,15007
2013,08,18,20.2,17921
2013,08,19,17.2,17338
2013,08,20,16.7,18493
2013,08,21,16.8,21718
2013,08,22,15.8,7899
2013,08,23,20.9,20768
2013,08,24,18.2,5419
2013,08,25,17.1,11005
2013,08,26,18.2,18213
2013,08,27,19.1,11447
2013,08,28,17.3,16680
2013,08,29,17.3,18119
2013,08,30,16.8,14209
2013,08,31,17.7,11572
2013,09,01,13.1,13650
2013,09,02,16.9,18226
2013,09,03,17.8,18299
2013,09,04,19.2,19579
2013,09,05,22.1,19694
2013,09,06,18,9469
2013,09,07,16.6,16918
2013,09,08,15.3,14470
2013,09,09,12.9,7771
2013,09,10,12.9,9664
2013,09,11,13.8,6006
2013,09,12,14.4,9782
2013,09,13,12.8,3761
2013,09,14,15.5,4686
2013,09,15,13.1,11766
2013,09,16,12.9,14584
2013,09,17,10.2,7453
2013,09,18,14,10917
2013,09,19,12.2,7948
2013,09,20,14.3,9403
2013,09,21,12.4,8848
2013,09,22,17.2,6972
2013,09,23,17.9,10993
2013,09,24,15.3,13937
2013,09,25,15.5,10424
2013,09,26,16.6,9827
2013,09,27,12.5,12345
2013,09,28,14.3,11242
2013,09,29,14.3,11581
2013,09,30,13.9,13871
2013,10,01,12.6,12258
2013,10,02,14.9,11374
2013,10,03,15.5,9475
2013,10,04,18.9,6548
2013,10,05,14.9,8171
2013,10,06,14.6,10733
2013,10,07,12.5,10655
2013,10,08,13,9197
2013,10,09,14.6,6132
2013,10,10,9.7,3527
2013,10,11,8.4,3355
2013,10,12,8.8,8896
2013,10,13,8.6,1442
2013,10,14,10.5,2710
2013,10,15,10.7,7262
2013,10,16,9.6,3457
2013,10,17,14.5,6937
2013,10,18,11.9,3597
2013,10,19,12.4,4228
2013,10,20,15,6392
2013,10,21,15.4,5646
2013,10,22,17.4,5291
2013,10,23,16.6,5959
2013,10,24,11.3,3969
2013,10,25,14.6,4250
2013,10,26,16.6,8051
2013,10,27,14.8,5003
2013,10,28,14.5,5355
2013,10,29,10,4916
2013,10,30,9.2,7694
2013,10,31,10.5,4786
2013,11,01,11.9,3039
2013,11,02,11.8,3161
2013,11,03,9.4,3991
2013,11,04,10.2,3422
2013,11,05,7.6,2169
2013,11,06,11.9,2009
2013,11,07,13.2,1793
2013,11,08,9.4,3658
2013,11,09,8,4108
2013,11,10,7.4,4956
2013,11,11,5.4,4558
2013,11,12,8.7,1553
2013,11,13,8,6252
2013,11,14,6.6,2725
2013,11,15,8.7,5670
2013,11,16,4,2560
2013,11,17,6,1490
2013,11,18,5.8,2220
2013,11,19,6.3,4705
2013,11,20,3.3,1848
2013,11,21,2.6,1638
2013,11,22,3.4,2693
2013,11,23,5.7,3705
2013,11,24,5.7,2371
2013,11,25,5.9,3005
2013,11,26,5.9,2511
2013,11,27,5.6,2980
2013,11,28,7.6,1209
2013,11,29,8.2,1918
2013,11,30,8.1,2846
2013,12,01,6.7,3569
2013,12,02,7.9,4040
2013,12,03,0.9,2877
2013,12,04,4.8,1575
2013,12,05,5.2,2747
2013,12,06,5,3148
2013,12,07,6.8,2453
2013,12,08,8.1,2969
2013,12,09,8,3436
2013,12,10,4.1,4709
2013,12,11,3.3,4861
2013,12,12,1.6,3695
2013,12,13,2.1,2352
2013,12,14,6.3,3898
2013,12,15,7.8,2277
2013,12,16,9.5,2676
2013,12,17,7.2,413
2013,12,18,7.5,2872
2013,12,19,8.4,3121
2013,12,20,5.9,4107
2013,12,21,6.9,1056
2013,12,22,8.9,2127
2013,12,23,8.3,2076
2013,12,24,11,1011
2013,12,25,7.2,3690
2013,12,26,6.1,2973
2013,12,27,7.1,1930
2013,12,28,7.3,2234
2013,12,29,5.4,4310
2013,12,30,5.4,1821
2013,12,31,6.9,1829
